file,predicted_class,probability
u10_AV_decomposed,absent,0.3529
u10_AV_gauss1093_decomposed,present,0.5336
u10_AV_gauss1249_decomposed,present,0.5801
u10_AV_gauss1405_decomposed,present,0.5367
u10_AV_gauss1561_decomposed,present,0.5454
u10_AV_gauss157_decomposed,present,0.5606
u10_AV_gauss1717_decomposed,present,0.6432
u10_AV_gauss1873_decomposed,present,0.5843
u10_AV_gauss1_decomposed,present,0.5842
u10_AV_gauss2029_decomposed,present,0.5492
u10_AV_gauss2185_decomposed,present,0.6075
u10_AV_gauss313_decomposed,present,0.5665
u10_AV_gauss469_decomposed,present,0.579
u10_AV_gauss625_decomposed,present,0.6281
u10_AV_gauss781_decomposed,present,0.5701
u10_AV_gauss937_decomposed,present,0.5834
u10_MV_decomposed,absent,0.3198
u10_MV_gauss1094_decomposed,present,0.6113
u10_MV_gauss1250_decomposed,present,0.9399
u10_MV_gauss1406_decomposed,present,0.6079
u10_MV_gauss1562_decomposed,present,0.6697
u10_MV_gauss158_decomposed,present,0.5803
u10_MV_gauss1718_decomposed,present,0.6738
u10_MV_gauss1874_decomposed,present,0.65
u10_MV_gauss2030_decomposed,present,0.5973
u10_MV_gauss2186_decomposed,present,0.7084
u10_MV_gauss2_decomposed,present,0.689
u10_MV_gauss314_decomposed,present,0.7253
u10_MV_gauss470_decomposed,present,0.7172
u10_MV_gauss626_decomposed,present,0.6324
u10_MV_gauss782_decomposed,present,0.6416
u10_MV_gauss938_decomposed,present,0.69
u11_AV_decomposed,present,0.8981
u11_AV_gauss1095_decomposed,present,0.8069
u11_AV_gauss1251_decomposed,present,0.9173
u11_AV_gauss1407_decomposed,present,0.9243
u11_AV_gauss1563_decomposed,present,0.9017
u11_AV_gauss159_decomposed,present,0.8341
u11_AV_gauss1719_decomposed,present,0.9642
u11_AV_gauss1875_decomposed,present,0.8703
u11_AV_gauss2031_decomposed,present,0.9727
u11_AV_gauss2187_decomposed,present,0.8676
u11_AV_gauss315_decomposed,present,0.9166
u11_AV_gauss3_decomposed,present,0.8999
u11_AV_gauss471_decomposed,present,0.9
u11_AV_gauss627_decomposed,present,0.9065
u11_AV_gauss783_decomposed,present,0.9208
u11_AV_gauss939_decomposed,present,0.9246
u11_MV_decomposed,absent,0.2887
u11_MV_gauss1096_decomposed,present,0.9215
u11_MV_gauss1252_decomposed,present,0.92
u11_MV_gauss1408_decomposed,present,0.868
u11_MV_gauss1564_decomposed,present,0.8576
u11_MV_gauss160_decomposed,present,0.865
u11_MV_gauss1720_decomposed,present,0.8591
u11_MV_gauss1876_decomposed,present,0.9071
u11_MV_gauss2032_decomposed,present,0.8776
u11_MV_gauss2188_decomposed,present,0.9056
u11_MV_gauss316_decomposed,present,0.8416
u11_MV_gauss472_decomposed,present,0.8556
u11_MV_gauss4_decomposed,present,0.8963
u11_MV_gauss628_decomposed,present,0.8308
u11_MV_gauss784_decomposed,present,0.906
u11_MV_gauss940_decomposed,present,0.8547
u12_AV_decomposed,absent,0.2248
u12_AV_gauss1097_decomposed,present,0.5676
u12_AV_gauss1253_decomposed,absent,0.3334
u12_AV_gauss1409_decomposed,present,0.5217
u12_AV_gauss1565_decomposed,present,0.468
u12_AV_gauss161_decomposed,absent,0.4396
u12_AV_gauss1721_decomposed,present,0.5115
u12_AV_gauss1877_decomposed,present,0.4828
u12_AV_gauss2033_decomposed,present,0.5402
u12_AV_gauss2189_decomposed,present,0.5075
u12_AV_gauss317_decomposed,present,0.5271
u12_AV_gauss473_decomposed,absent,0.3843
u12_AV_gauss5_decomposed,present,0.5301
u12_AV_gauss629_decomposed,present,0.5503
u12_AV_gauss785_decomposed,absent,0.4567
u12_AV_gauss941_decomposed,absent,0.4231
u12_MV_decomposed,absent,0.3409
u12_MV_gauss1098_decomposed,present,0.5726
u12_MV_gauss1254_decomposed,present,0.6868
u12_MV_gauss1410_decomposed,present,0.5766
u12_MV_gauss1566_decomposed,present,0.5631
u12_MV_gauss162_decomposed,present,0.5957
u12_MV_gauss1722_decomposed,present,0.496
u12_MV_gauss1878_decomposed,present,0.5092
u12_MV_gauss2034_decomposed,present,0.6642
u12_MV_gauss2190_decomposed,present,0.5625
u12_MV_gauss318_decomposed,present,0.5224
u12_MV_gauss474_decomposed,present,0.4608
u12_MV_gauss630_decomposed,present,0.5233
u12_MV_gauss6_decomposed,present,0.5262
u12_MV_gauss786_decomposed,present,0.527
u12_MV_gauss942_decomposed,present,0.7328
u13_MV_decomposed,present,0.6442
u13_MV_gauss1099_decomposed,present,0.8969
u13_MV_gauss1255_decomposed,present,0.908
u13_MV_gauss1411_decomposed,present,0.9349
u13_MV_gauss1567_decomposed,present,0.9516
u13_MV_gauss163_decomposed,present,0.903
u13_MV_gauss1723_decomposed,present,0.9061
u13_MV_gauss1879_decomposed,present,0.9485
u13_MV_gauss2035_decomposed,present,0.9289
u13_MV_gauss2191_decomposed,present,0.9155
u13_MV_gauss319_decomposed,present,0.8887
u13_MV_gauss475_decomposed,present,0.959
u13_MV_gauss631_decomposed,present,0.8933
u13_MV_gauss787_decomposed,present,0.9453
u13_MV_gauss7_decomposed,present,0.9194
u13_MV_gauss943_decomposed,present,0.9045
u14_AV_decomposed,absent,0.3017
u14_AV_gauss1100_decomposed,absent,0.4345
u14_AV_gauss1256_decomposed,present,0.5629
u14_AV_gauss1412_decomposed,absent,0.4167
u14_AV_gauss1568_decomposed,present,0.5715
u14_AV_gauss164_decomposed,absent,0.3359
u14_AV_gauss1724_decomposed,absent,0.3012
u14_AV_gauss1880_decomposed,absent,0.3971
u14_AV_gauss2036_decomposed,present,0.4975
u14_AV_gauss2192_decomposed,present,0.516
u14_AV_gauss320_decomposed,absent,0.3098
u14_AV_gauss476_decomposed,absent,0.3982
u14_AV_gauss632_decomposed,absent,0.3259
u14_AV_gauss788_decomposed,absent,0.3626
u14_AV_gauss8_decomposed,present,0.4778
u14_AV_gauss944_decomposed,absent,0.4438
u14_MV_decomposed,absent,0.0744
u14_MV_gauss1101_decomposed,present,0.7522
u14_MV_gauss1257_decomposed,present,0.7465
u14_MV_gauss1413_decomposed,present,0.6723
u14_MV_gauss1569_decomposed,present,0.7828
u14_MV_gauss165_decomposed,present,0.7245
u14_MV_gauss1725_decomposed,present,0.7585
u14_MV_gauss1881_decomposed,present,0.6831
u14_MV_gauss2037_decomposed,present,0.7883
u14_MV_gauss2193_decomposed,present,0.8033
u14_MV_gauss321_decomposed,present,0.5699
u14_MV_gauss477_decomposed,present,0.7489
u14_MV_gauss633_decomposed,present,0.6609
u14_MV_gauss789_decomposed,present,0.7215
u14_MV_gauss945_decomposed,present,0.8808
u14_MV_gauss9_decomposed,present,0.6919
u15_AV_decomposed,absent,0.0105
u15_AV_gauss10_decomposed,absent,0.1794
u15_AV_gauss1102_decomposed,absent,0.279
u15_AV_gauss1258_decomposed,absent,0.2138
u15_AV_gauss1414_decomposed,absent,0.1632
u15_AV_gauss1570_decomposed,absent,0.2256
u15_AV_gauss166_decomposed,absent,0.1809
u15_AV_gauss1726_decomposed,absent,0.2024
u15_AV_gauss1882_decomposed,absent,0.227
u15_AV_gauss2038_decomposed,absent,0.1036
u15_AV_gauss2194_decomposed,absent,0.2014
u15_AV_gauss322_decomposed,absent,0.1683
u15_AV_gauss478_decomposed,absent,0.1659
u15_AV_gauss634_decomposed,absent,0.1889
u15_AV_gauss790_decomposed,absent,0.1954
u15_AV_gauss946_decomposed,absent,0.2698
u15_MV_decomposed,absent,0.4098
u15_MV_gauss1103_decomposed,present,0.6414
u15_MV_gauss11_decomposed,present,0.5407
u15_MV_gauss1259_decomposed,present,0.6324
u15_MV_gauss1415_decomposed,present,0.5783
u15_MV_gauss1571_decomposed,present,0.63
u15_MV_gauss167_decomposed,present,0.4867
u15_MV_gauss1727_decomposed,present,0.5367
u15_MV_gauss1883_decomposed,present,0.4812
u15_MV_gauss2039_decomposed,present,0.6295
u15_MV_gauss2195_decomposed,present,0.6046
u15_MV_gauss323_decomposed,present,0.566
u15_MV_gauss479_decomposed,present,0.5576
u15_MV_gauss635_decomposed,present,0.6147
u15_MV_gauss791_decomposed,present,0.653
u15_MV_gauss947_decomposed,present,0.5892
u15_PV_decomposed,present,0.546
u15_PV_gauss1104_decomposed,present,0.8346
u15_PV_gauss1260_decomposed,present,0.8646
u15_PV_gauss12_decomposed,present,0.747
u15_PV_gauss1416_decomposed,present,0.7688
u15_PV_gauss1572_decomposed,present,0.748
u15_PV_gauss168_decomposed,present,0.9043
u15_PV_gauss1728_decomposed,present,0.7832
u15_PV_gauss1884_decomposed,present,0.8121
u15_PV_gauss2040_decomposed,present,0.6635
u15_PV_gauss2196_decomposed,present,0.6862
u15_PV_gauss324_decomposed,present,0.7201
u15_PV_gauss480_decomposed,present,0.735
u15_PV_gauss636_decomposed,present,0.6959
u15_PV_gauss792_decomposed,present,0.7559
u15_PV_gauss948_decomposed,present,0.8044
u15_TV_decomposed,absent,0.204
u15_TV_gauss1105_decomposed,absent,0.4559
u15_TV_gauss1261_decomposed,absent,0.4436
u15_TV_gauss13_decomposed,absent,0.392
u15_TV_gauss1417_decomposed,absent,0.3904
u15_TV_gauss1573_decomposed,absent,0.3537
u15_TV_gauss169_decomposed,present,0.4959
u15_TV_gauss1729_decomposed,absent,0.3817
u15_TV_gauss1885_decomposed,absent,0.4026
u15_TV_gauss2041_decomposed,absent,0.3813
u15_TV_gauss2197_decomposed,absent,0.4265
u15_TV_gauss325_decomposed,absent,0.3701
u15_TV_gauss481_decomposed,present,0.4813
u15_TV_gauss637_decomposed,absent,0.3778
u15_TV_gauss793_decomposed,absent,0.3467
u15_TV_gauss949_decomposed,absent,0.3865
u16_AV_decomposed,absent,0.2188
u16_AV_gauss1106_decomposed,present,0.5567
u16_AV_gauss1262_decomposed,present,0.4757
u16_AV_gauss1418_decomposed,absent,0.4519
u16_AV_gauss14_decomposed,present,0.5965
u16_AV_gauss1574_decomposed,present,0.4935
u16_AV_gauss170_decomposed,present,0.5094
u16_AV_gauss1730_decomposed,present,0.5776
u16_AV_gauss1886_decomposed,present,0.5848
u16_AV_gauss2042_decomposed,absent,0.4076
u16_AV_gauss2198_decomposed,present,0.5096
u16_AV_gauss326_decomposed,present,0.6405
u16_AV_gauss482_decomposed,present,0.4732
u16_AV_gauss638_decomposed,present,0.4752
u16_AV_gauss794_decomposed,present,0.5736
u16_AV_gauss950_decomposed,present,0.4711
u16_MV_decomposed,absent,0.2462
u16_MV_gauss1107_decomposed,present,0.5639
u16_MV_gauss1263_decomposed,present,0.5011
u16_MV_gauss1419_decomposed,absent,0.4367
u16_MV_gauss1575_decomposed,absent,0.406
u16_MV_gauss15_decomposed,absent,0.3724
u16_MV_gauss171_decomposed,absent,0.3514
u16_MV_gauss1731_decomposed,present,0.4636
u16_MV_gauss1887_decomposed,absent,0.3644
u16_MV_gauss2043_decomposed,absent,0.4152
u16_MV_gauss2199_decomposed,absent,0.4417
u16_MV_gauss327_decomposed,absent,0.4064
u16_MV_gauss483_decomposed,absent,0.4254
u16_MV_gauss639_decomposed,absent,0.3776
u16_MV_gauss795_decomposed,absent,0.3796
u16_MV_gauss951_decomposed,present,0.4646
u17_TV_decomposed,absent,0.0382
u17_TV_gauss1108_decomposed,absent,0.4308
u17_TV_gauss1264_decomposed,present,0.4893
u17_TV_gauss1420_decomposed,present,0.5376
u17_TV_gauss1576_decomposed,present,0.5088
u17_TV_gauss16_decomposed,present,0.479
u17_TV_gauss172_decomposed,present,0.4865
u17_TV_gauss1732_decomposed,present,0.499
u17_TV_gauss1888_decomposed,present,0.4836
u17_TV_gauss2044_decomposed,absent,0.4556
u17_TV_gauss2200_decomposed,absent,0.4555
u17_TV_gauss328_decomposed,present,0.5078
u17_TV_gauss484_decomposed,present,0.4749
u17_TV_gauss640_decomposed,present,0.5189
u17_TV_gauss796_decomposed,present,0.495
u17_TV_gauss952_decomposed,absent,0.4136
u18_AV_decomposed,present,0.675
u18_AV_gauss1109_decomposed,present,0.8313
u18_AV_gauss1265_decomposed,present,0.6118
u18_AV_gauss1421_decomposed,present,0.5645
u18_AV_gauss1577_decomposed,present,0.8324
u18_AV_gauss1733_decomposed,present,0.5744
u18_AV_gauss173_decomposed,present,0.7975
u18_AV_gauss17_decomposed,present,0.6747
u18_AV_gauss1889_decomposed,present,0.6691
u18_AV_gauss2045_decomposed,present,0.5376
u18_AV_gauss2201_decomposed,present,0.6448
u18_AV_gauss329_decomposed,present,0.833
u18_AV_gauss485_decomposed,present,0.857
u18_AV_gauss641_decomposed,present,0.4775
u18_AV_gauss797_decomposed,present,0.4614
u18_AV_gauss953_decomposed,present,0.5538
u18_MV_decomposed,absent,0.3274
u18_MV_gauss1110_decomposed,present,0.6048
u18_MV_gauss1266_decomposed,present,0.5666
u18_MV_gauss1422_decomposed,present,0.5767
u18_MV_gauss1578_decomposed,present,0.6472
u18_MV_gauss1734_decomposed,present,0.4842
u18_MV_gauss174_decomposed,present,0.6858
u18_MV_gauss1890_decomposed,present,0.5951
u18_MV_gauss18_decomposed,present,0.6183
u18_MV_gauss2046_decomposed,present,0.6009
u18_MV_gauss2202_decomposed,present,0.5672
u18_MV_gauss330_decomposed,present,0.537
u18_MV_gauss486_decomposed,present,0.5988
u18_MV_gauss642_decomposed,present,0.6183
u18_MV_gauss798_decomposed,present,0.5627
u18_MV_gauss954_decomposed,present,0.6558
u18_PV_decomposed,absent,0.0123
u18_PV_gauss1111_decomposed,present,0.6041
u18_PV_gauss1267_decomposed,present,0.4956
u18_PV_gauss1423_decomposed,present,0.5393
u18_PV_gauss1579_decomposed,absent,0.3985
u18_PV_gauss1735_decomposed,present,0.5306
u18_PV_gauss175_decomposed,present,0.5261
u18_PV_gauss1891_decomposed,absent,0.4062
u18_PV_gauss19_decomposed,present,0.5778
u18_PV_gauss2047_decomposed,absent,0.4364
u18_PV_gauss2203_decomposed,present,0.5941
u18_PV_gauss331_decomposed,present,0.6104
u18_PV_gauss487_decomposed,present,0.5425
u18_PV_gauss643_decomposed,present,0.4884
u18_PV_gauss799_decomposed,absent,0.3504
u18_PV_gauss955_decomposed,present,0.5321
u18_TV_decomposed,absent,0.0687
u18_TV_gauss1112_decomposed,present,0.4749
u18_TV_gauss1268_decomposed,present,0.8628
u18_TV_gauss1424_decomposed,absent,0.4214
u18_TV_gauss1580_decomposed,present,0.7062
u18_TV_gauss1736_decomposed,present,0.4818
u18_TV_gauss176_decomposed,absent,0.2984
u18_TV_gauss1892_decomposed,absent,0.4048
u18_TV_gauss2048_decomposed,present,0.7417
u18_TV_gauss20_decomposed,absent,0.2996
u18_TV_gauss2204_decomposed,absent,0.4452
u18_TV_gauss332_decomposed,present,0.8212
u18_TV_gauss488_decomposed,absent,0.4432
u18_TV_gauss644_decomposed,absent,0.3562
u18_TV_gauss800_decomposed,present,0.741
u18_TV_gauss956_decomposed,absent,0.4378
u19_AV_decomposed,absent,0.0461
u19_AV_gauss1113_decomposed,present,0.8005
u19_AV_gauss1269_decomposed,present,0.6969
u19_AV_gauss1425_decomposed,present,0.711
u19_AV_gauss1581_decomposed,present,0.835
u19_AV_gauss1737_decomposed,present,0.8274
u19_AV_gauss177_decomposed,present,0.7979
u19_AV_gauss1893_decomposed,present,0.7701
u19_AV_gauss2049_decomposed,present,0.7772
u19_AV_gauss21_decomposed,present,0.8561
u19_AV_gauss2205_decomposed,present,0.7635
u19_AV_gauss333_decomposed,present,0.8497
u19_AV_gauss489_decomposed,present,0.7249
u19_AV_gauss645_decomposed,present,0.8097
u19_AV_gauss801_decomposed,present,0.8208
u19_AV_gauss957_decomposed,present,0.734
u19_MV_decomposed,absent,0.3594
u19_MV_gauss1114_decomposed,absent,0.3584
u19_MV_gauss1270_decomposed,absent,0.4439
u19_MV_gauss1426_decomposed,absent,0.3369
u19_MV_gauss1582_decomposed,present,0.5041
u19_MV_gauss1738_decomposed,present,0.4721
u19_MV_gauss178_decomposed,absent,0.2898
u19_MV_gauss1894_decomposed,absent,0.2997
u19_MV_gauss2050_decomposed,absent,0.4515
u19_MV_gauss2206_decomposed,present,0.4796
u19_MV_gauss22_decomposed,absent,0.343
u19_MV_gauss334_decomposed,absent,0.4151
u19_MV_gauss490_decomposed,absent,0.41
u19_MV_gauss646_decomposed,absent,0.3725
u19_MV_gauss802_decomposed,absent,0.4039
u19_MV_gauss958_decomposed,absent,0.4127
u1_AV_decomposed,absent,0.3179
u1_AV_gauss1115_decomposed,present,0.5508
u1_AV_gauss1271_decomposed,present,0.6023
u1_AV_gauss1427_decomposed,present,0.698
u1_AV_gauss1583_decomposed,present,0.5614
u1_AV_gauss1739_decomposed,present,0.712
u1_AV_gauss179_decomposed,present,0.6506
u1_AV_gauss1895_decomposed,present,0.7222
u1_AV_gauss2051_decomposed,present,0.6289
u1_AV_gauss2207_decomposed,present,0.551
u1_AV_gauss23_decomposed,present,0.5602
u1_AV_gauss335_decomposed,present,0.6659
u1_AV_gauss491_decomposed,present,0.6203
u1_AV_gauss647_decomposed,present,0.6128
u1_AV_gauss803_decomposed,present,0.6175
u1_AV_gauss959_decomposed,present,0.6651
u1_MV_decomposed,absent,0.045
u1_MV_gauss1116_decomposed,absent,0.255
u1_MV_gauss1272_decomposed,absent,0.3222
u1_MV_gauss1428_decomposed,absent,0.2753
u1_MV_gauss1584_decomposed,absent,0.3041
u1_MV_gauss1740_decomposed,absent,0.2132
u1_MV_gauss180_decomposed,absent,0.2854
u1_MV_gauss1896_decomposed,absent,0.2493
u1_MV_gauss2052_decomposed,absent,0.2943
u1_MV_gauss2208_decomposed,absent,0.285
u1_MV_gauss24_decomposed,absent,0.2925
u1_MV_gauss336_decomposed,absent,0.2417
u1_MV_gauss492_decomposed,absent,0.2149
u1_MV_gauss648_decomposed,absent,0.2006
u1_MV_gauss804_decomposed,absent,0.2277
u1_MV_gauss960_decomposed,absent,0.2039
u1_PV_decomposed,absent,0.0651
u1_PV_gauss1117_decomposed,absent,0.3544
u1_PV_gauss1273_decomposed,absent,0.3568
u1_PV_gauss1429_decomposed,absent,0.2909
u1_PV_gauss1585_decomposed,absent,0.3676
u1_PV_gauss1741_decomposed,absent,0.3986
u1_PV_gauss181_decomposed,absent,0.4166
u1_PV_gauss1897_decomposed,absent,0.3598
u1_PV_gauss2053_decomposed,absent,0.3375
u1_PV_gauss2209_decomposed,absent,0.3665
u1_PV_gauss25_decomposed,absent,0.2913
u1_PV_gauss337_decomposed,absent,0.2707
u1_PV_gauss493_decomposed,absent,0.3575
u1_PV_gauss649_decomposed,absent,0.3449
u1_PV_gauss805_decomposed,absent,0.3721
u1_PV_gauss961_decomposed,absent,0.3765
u1_TV_decomposed,absent,0.2811
u1_TV_gauss1118_decomposed,present,0.8803
u1_TV_gauss1274_decomposed,present,0.938
u1_TV_gauss1430_decomposed,present,0.9189
u1_TV_gauss1586_decomposed,present,0.573
u1_TV_gauss1742_decomposed,present,0.5976
u1_TV_gauss182_decomposed,present,0.7074
u1_TV_gauss1898_decomposed,present,0.7884
u1_TV_gauss2054_decomposed,present,0.6937
u1_TV_gauss2210_decomposed,present,0.6189
u1_TV_gauss26_decomposed,present,0.6547
u1_TV_gauss338_decomposed,present,0.5326
u1_TV_gauss494_decomposed,present,0.5171
u1_TV_gauss650_decomposed,present,0.516
u1_TV_gauss806_decomposed,present,0.5114
u1_TV_gauss962_decomposed,present,0.8641
u20_AV_decomposed,present,0.6811
u20_AV_gauss1119_decomposed,present,0.8
u20_AV_gauss1275_decomposed,present,0.8753
u20_AV_gauss1431_decomposed,present,0.8452
u20_AV_gauss1587_decomposed,present,0.8431
u20_AV_gauss1743_decomposed,present,0.7167
u20_AV_gauss183_decomposed,present,0.8539
u20_AV_gauss1899_decomposed,present,0.8243
u20_AV_gauss2055_decomposed,present,0.8665
u20_AV_gauss2211_decomposed,present,0.7544
u20_AV_gauss27_decomposed,present,0.8337
u20_AV_gauss339_decomposed,present,0.8788
u20_AV_gauss495_decomposed,present,0.8201
u20_AV_gauss651_decomposed,present,0.7811
u20_AV_gauss807_decomposed,present,0.8382
u20_AV_gauss963_decomposed,present,0.8582
u20_MV_decomposed,present,0.9813
u20_MV_gauss1120_decomposed,present,0.9954
u20_MV_gauss1276_decomposed,present,0.9928
u20_MV_gauss1432_decomposed,present,0.9954
u20_MV_gauss1588_decomposed,present,0.9964
u20_MV_gauss1744_decomposed,present,0.995
u20_MV_gauss184_decomposed,present,0.9943
u20_MV_gauss1900_decomposed,present,0.9948
u20_MV_gauss2056_decomposed,present,0.9945
u20_MV_gauss2212_decomposed,present,0.9941
u20_MV_gauss28_decomposed,present,0.993
u20_MV_gauss340_decomposed,present,0.9965
u20_MV_gauss496_decomposed,present,0.9941
u20_MV_gauss652_decomposed,present,0.9949
u20_MV_gauss808_decomposed,present,0.9895
u20_MV_gauss964_decomposed,present,0.995
u21_AV_decomposed,absent,0.0438
u21_AV_gauss1121_decomposed,absent,0.199
u21_AV_gauss1277_decomposed,absent,0.0717
u21_AV_gauss1433_decomposed,absent,0.0926
u21_AV_gauss1589_decomposed,absent,0.134
u21_AV_gauss1745_decomposed,absent,0.1197
u21_AV_gauss185_decomposed,absent,0.0567
u21_AV_gauss1901_decomposed,absent,0.1927
u21_AV_gauss2057_decomposed,absent,0.0542
u21_AV_gauss2213_decomposed,absent,0.1237
u21_AV_gauss29_decomposed,absent,0.0939
u21_AV_gauss341_decomposed,absent,0.2004
u21_AV_gauss497_decomposed,absent,0.136
u21_AV_gauss653_decomposed,absent,0.1274
u21_AV_gauss809_decomposed,absent,0.2014
u21_AV_gauss965_decomposed,absent,0.1006
u21_MV_decomposed,absent,0.4578
u21_MV_gauss1122_decomposed,present,0.8634
u21_MV_gauss1278_decomposed,present,0.8916
u21_MV_gauss1434_decomposed,present,0.7237
u21_MV_gauss1590_decomposed,present,0.8144
u21_MV_gauss1746_decomposed,present,0.8513
u21_MV_gauss186_decomposed,present,0.6648
u21_MV_gauss1902_decomposed,present,0.6665
u21_MV_gauss2058_decomposed,present,0.5986
u21_MV_gauss2214_decomposed,present,0.5374
u21_MV_gauss30_decomposed,present,0.6877
u21_MV_gauss342_decomposed,present,0.8716
u21_MV_gauss498_decomposed,present,0.7393
u21_MV_gauss654_decomposed,present,0.9269
u21_MV_gauss810_decomposed,present,0.8578
u21_MV_gauss966_decomposed,present,0.6374
u21_PV_decomposed,absent,0.343
u21_PV_gauss1123_decomposed,absent,0.3077
u21_PV_gauss1279_decomposed,absent,0.3724
u21_PV_gauss1435_decomposed,absent,0.3362
u21_PV_gauss1591_decomposed,absent,0.394
u21_PV_gauss1747_decomposed,absent,0.3626
u21_PV_gauss187_decomposed,absent,0.3818
u21_PV_gauss1903_decomposed,absent,0.3761
u21_PV_gauss2059_decomposed,absent,0.3935
u21_PV_gauss2215_decomposed,absent,0.377
u21_PV_gauss31_decomposed,absent,0.3592
u21_PV_gauss343_decomposed,absent,0.4043
u21_PV_gauss499_decomposed,absent,0.3611
u21_PV_gauss655_decomposed,absent,0.3612
u21_PV_gauss811_decomposed,absent,0.365
u21_PV_gauss967_decomposed,absent,0.3667
u21_TV_decomposed,absent,0.3356
u21_TV_gauss1124_decomposed,present,0.5911
u21_TV_gauss1280_decomposed,present,0.4977
u21_TV_gauss1436_decomposed,present,0.5783
u21_TV_gauss1592_decomposed,present,0.5298
u21_TV_gauss1748_decomposed,present,0.5465
u21_TV_gauss188_decomposed,present,0.5412
u21_TV_gauss1904_decomposed,present,0.6024
u21_TV_gauss2060_decomposed,present,0.5872
u21_TV_gauss2216_decomposed,present,0.5621
u21_TV_gauss32_decomposed,present,0.5392
u21_TV_gauss344_decomposed,present,0.6509
u21_TV_gauss500_decomposed,present,0.6023
u21_TV_gauss656_decomposed,present,0.6178
u21_TV_gauss812_decomposed,present,0.5958
u21_TV_gauss968_decomposed,present,0.5262
u22_MV_decomposed,present,0.6018
u22_MV_gauss1125_decomposed,present,0.9906
u22_MV_gauss1281_decomposed,present,0.8899
u22_MV_gauss1437_decomposed,present,0.9937
u22_MV_gauss1593_decomposed,present,0.8639
u22_MV_gauss1749_decomposed,present,0.9171
u22_MV_gauss189_decomposed,present,0.9576
u22_MV_gauss1905_decomposed,present,0.7915
u22_MV_gauss2061_decomposed,present,0.8678
u22_MV_gauss2217_decomposed,present,0.991
u22_MV_gauss33_decomposed,present,0.9204
u22_MV_gauss345_decomposed,present,0.9933
u22_MV_gauss501_decomposed,present,0.901
u22_MV_gauss657_decomposed,present,0.9868
u22_MV_gauss813_decomposed,present,0.9049
u22_MV_gauss969_decomposed,present,0.9943
u22_PV_decomposed,present,0.5218
u22_PV_gauss1126_decomposed,present,0.8157
u22_PV_gauss1282_decomposed,present,0.9356
u22_PV_gauss1438_decomposed,present,0.8104
u22_PV_gauss1594_decomposed,present,0.9759
u22_PV_gauss1750_decomposed,present,0.943
u22_PV_gauss1906_decomposed,present,0.9317
u22_PV_gauss190_decomposed,present,0.9503
u22_PV_gauss2062_decomposed,present,0.95
u22_PV_gauss2218_decomposed,present,0.8862
u22_PV_gauss346_decomposed,present,0.8704
u22_PV_gauss34_decomposed,present,0.9052
u22_PV_gauss502_decomposed,present,0.8578
u22_PV_gauss658_decomposed,present,0.8788
u22_PV_gauss814_decomposed,present,0.9189
u22_PV_gauss970_decomposed,present,0.916
u22_TV_decomposed,absent,0.273
u22_TV_gauss1127_decomposed,present,0.6785
u22_TV_gauss1283_decomposed,present,0.6608
u22_TV_gauss1439_decomposed,present,0.4836
u22_TV_gauss1595_decomposed,present,0.6753
u22_TV_gauss1751_decomposed,present,0.6795
u22_TV_gauss1907_decomposed,present,0.5464
u22_TV_gauss191_decomposed,present,0.5245
u22_TV_gauss2063_decomposed,present,0.6554
u22_TV_gauss2219_decomposed,present,0.6997
u22_TV_gauss347_decomposed,present,0.5281
u22_TV_gauss35_decomposed,present,0.6527
u22_TV_gauss503_decomposed,present,0.5493
u22_TV_gauss659_decomposed,present,0.5731
u22_TV_gauss815_decomposed,present,0.5159
u22_TV_gauss971_decomposed,present,0.5345
u23_AV_decomposed,absent,0.1102
u23_AV_gauss1128_decomposed,absent,0.4569
u23_AV_gauss1284_decomposed,absent,0.4432
u23_AV_gauss1440_decomposed,absent,0.4596
u23_AV_gauss1596_decomposed,absent,0.3893
u23_AV_gauss1752_decomposed,present,0.4817
u23_AV_gauss1908_decomposed,absent,0.4259
u23_AV_gauss192_decomposed,present,0.477
u23_AV_gauss2064_decomposed,absent,0.4049
u23_AV_gauss2220_decomposed,absent,0.4433
u23_AV_gauss348_decomposed,absent,0.3886
u23_AV_gauss36_decomposed,absent,0.4321
u23_AV_gauss504_decomposed,absent,0.4002
u23_AV_gauss660_decomposed,present,0.4607
u23_AV_gauss816_decomposed,absent,0.4198
u23_AV_gauss972_decomposed,absent,0.3729
u23_MV_decomposed,absent,0.0501
u23_MV_gauss1129_decomposed,absent,0.2417
u23_MV_gauss1285_decomposed,absent,0.4252
u23_MV_gauss1441_decomposed,absent,0.2708
u23_MV_gauss1597_decomposed,absent,0.355
u23_MV_gauss1753_decomposed,absent,0.2731
u23_MV_gauss1909_decomposed,absent,0.2377
u23_MV_gauss193_decomposed,absent,0.3322
u23_MV_gauss2065_decomposed,absent,0.1229
u23_MV_gauss2221_decomposed,absent,0.3159
u23_MV_gauss349_decomposed,absent,0.2407
u23_MV_gauss37_decomposed,absent,0.2208
u23_MV_gauss505_decomposed,absent,0.4028
u23_MV_gauss661_decomposed,absent,0.3322
u23_MV_gauss817_decomposed,absent,0.222
u23_MV_gauss973_decomposed,absent,0.249
u23_PV_decomposed,absent,0.384
u23_PV_gauss1130_decomposed,present,0.463
u23_PV_gauss1286_decomposed,present,0.5808
u23_PV_gauss1442_decomposed,present,0.517
u23_PV_gauss1598_decomposed,absent,0.4586
u23_PV_gauss1754_decomposed,absent,0.4383
u23_PV_gauss1910_decomposed,present,0.5432
u23_PV_gauss194_decomposed,present,0.5086
u23_PV_gauss2066_decomposed,absent,0.3747
u23_PV_gauss2222_decomposed,absent,0.4223
u23_PV_gauss350_decomposed,present,0.4719
u23_PV_gauss38_decomposed,present,0.6194
u23_PV_gauss506_decomposed,present,0.4701
u23_PV_gauss662_decomposed,present,0.5978
u23_PV_gauss818_decomposed,present,0.4911
u23_PV_gauss974_decomposed,present,0.5905
u23_TV_decomposed,absent,0.2573
u23_TV_gauss1131_decomposed,present,0.9261
u23_TV_gauss1287_decomposed,present,0.9102
u23_TV_gauss1443_decomposed,present,0.7052
u23_TV_gauss1599_decomposed,present,0.7829
u23_TV_gauss1755_decomposed,present,0.773
u23_TV_gauss1911_decomposed,present,0.8479
u23_TV_gauss195_decomposed,present,0.9444
u23_TV_gauss2067_decomposed,present,0.8739
u23_TV_gauss2223_decomposed,present,0.6376
u23_TV_gauss351_decomposed,present,0.9504
u23_TV_gauss39_decomposed,present,0.8914
u23_TV_gauss507_decomposed,present,0.8484
u23_TV_gauss663_decomposed,present,0.8763
u23_TV_gauss819_decomposed,present,0.9353
u23_TV_gauss975_decomposed,present,0.7269
u24_MV_decomposed,present,0.5843
u24_MV_gauss1132_decomposed,present,0.8412
u24_MV_gauss1288_decomposed,present,0.8645
u24_MV_gauss1444_decomposed,present,0.8302
u24_MV_gauss1600_decomposed,present,0.8857
u24_MV_gauss1756_decomposed,present,0.9551
u24_MV_gauss1912_decomposed,present,0.8484
u24_MV_gauss196_decomposed,present,0.927
u24_MV_gauss2068_decomposed,present,0.8832
u24_MV_gauss2224_decomposed,present,0.8911
u24_MV_gauss352_decomposed,present,0.9454
u24_MV_gauss40_decomposed,present,0.8267
u24_MV_gauss508_decomposed,present,0.9535
u24_MV_gauss664_decomposed,present,0.8562
u24_MV_gauss820_decomposed,present,0.8958
u24_MV_gauss976_decomposed,present,0.9192
u24_PV_decomposed,present,0.8343
u24_PV_gauss1133_decomposed,present,0.9778
u24_PV_gauss1289_decomposed,present,0.9744
u24_PV_gauss1445_decomposed,present,0.979
u24_PV_gauss1601_decomposed,present,0.9839
u24_PV_gauss1757_decomposed,present,0.9438
u24_PV_gauss1913_decomposed,present,0.9692
u24_PV_gauss197_decomposed,present,0.9657
u24_PV_gauss2069_decomposed,present,0.9812
u24_PV_gauss2225_decomposed,present,0.9689
u24_PV_gauss353_decomposed,present,0.9583
u24_PV_gauss41_decomposed,present,0.9419
u24_PV_gauss509_decomposed,present,0.9522
u24_PV_gauss665_decomposed,present,0.9588
u24_PV_gauss821_decomposed,present,0.9773
u24_PV_gauss977_decomposed,present,0.9582
u24_TV_decomposed,present,0.5407
u24_TV_gauss1134_decomposed,present,0.9433
u24_TV_gauss1290_decomposed,present,0.9169
u24_TV_gauss1446_decomposed,present,0.9352
u24_TV_gauss1602_decomposed,present,0.9389
u24_TV_gauss1758_decomposed,present,0.914
u24_TV_gauss1914_decomposed,present,0.9351
u24_TV_gauss198_decomposed,present,0.9661
u24_TV_gauss2070_decomposed,present,0.9673
u24_TV_gauss2226_decomposed,present,0.9507
u24_TV_gauss354_decomposed,present,0.9455
u24_TV_gauss42_decomposed,present,0.9476
u24_TV_gauss510_decomposed,present,0.9267
u24_TV_gauss666_decomposed,present,0.9295
u24_TV_gauss822_decomposed,present,0.9373
u24_TV_gauss978_decomposed,present,0.9456
u25_AV_decomposed,present,0.9179
u25_AV_gauss1135_decomposed,present,0.9439
u25_AV_gauss1291_decomposed,present,0.9706
u25_AV_gauss1447_decomposed,present,0.9599
u25_AV_gauss1603_decomposed,present,0.9559
u25_AV_gauss1759_decomposed,present,0.9374
u25_AV_gauss1915_decomposed,present,0.9549
u25_AV_gauss199_decomposed,present,0.9451
u25_AV_gauss2071_decomposed,present,0.9445
u25_AV_gauss2227_decomposed,present,0.9562
u25_AV_gauss355_decomposed,present,0.963
u25_AV_gauss43_decomposed,present,0.9723
u25_AV_gauss511_decomposed,present,0.9452
u25_AV_gauss667_decomposed,present,0.8635
u25_AV_gauss823_decomposed,present,0.9651
u25_AV_gauss979_decomposed,present,0.9586
u25_MV_decomposed,absent,0.404
u25_MV_gauss1136_decomposed,present,0.7606
u25_MV_gauss1292_decomposed,present,0.8268
u25_MV_gauss1448_decomposed,present,0.8162
u25_MV_gauss1604_decomposed,present,0.8088
u25_MV_gauss1760_decomposed,present,0.8095
u25_MV_gauss1916_decomposed,present,0.8011
u25_MV_gauss200_decomposed,present,0.8183
u25_MV_gauss2072_decomposed,present,0.8029
u25_MV_gauss2228_decomposed,present,0.8038
u25_MV_gauss356_decomposed,present,0.7631
u25_MV_gauss44_decomposed,present,0.8151
u25_MV_gauss512_decomposed,present,0.7855
u25_MV_gauss668_decomposed,present,0.7986
u25_MV_gauss824_decomposed,present,0.7589
u25_MV_gauss980_decomposed,present,0.8376
u25_PV_decomposed,present,0.6998
u25_PV_gauss1137_decomposed,present,0.931
u25_PV_gauss1293_decomposed,present,0.9374
u25_PV_gauss1449_decomposed,present,0.9234
u25_PV_gauss1605_decomposed,present,0.9297
u25_PV_gauss1761_decomposed,present,0.9389
u25_PV_gauss1917_decomposed,present,0.9375
u25_PV_gauss201_decomposed,present,0.9459
u25_PV_gauss2073_decomposed,present,0.9408
u25_PV_gauss2229_decomposed,present,0.9248
u25_PV_gauss357_decomposed,present,0.9222
u25_PV_gauss45_decomposed,present,0.9542
u25_PV_gauss513_decomposed,present,0.9269
u25_PV_gauss669_decomposed,present,0.9458
u25_PV_gauss825_decomposed,present,0.9071
u25_PV_gauss981_decomposed,present,0.8874
u25_TV_decomposed,absent,0.0042
u25_TV_gauss1138_decomposed,absent,0.254
u25_TV_gauss1294_decomposed,absent,0.3138
u25_TV_gauss1450_decomposed,absent,0.2419
u25_TV_gauss1606_decomposed,absent,0.2117
u25_TV_gauss1762_decomposed,absent,0.1998
u25_TV_gauss1918_decomposed,absent,0.23
u25_TV_gauss202_decomposed,absent,0.182
u25_TV_gauss2074_decomposed,absent,0.2169
u25_TV_gauss2230_decomposed,absent,0.2764
u25_TV_gauss358_decomposed,absent,0.3209
u25_TV_gauss46_decomposed,absent,0.248
u25_TV_gauss514_decomposed,absent,0.2651
u25_TV_gauss670_decomposed,absent,0.3179
u25_TV_gauss826_decomposed,absent,0.1832
u25_TV_gauss982_decomposed,absent,0.2796
u26_AV_decomposed,present,0.7966
u26_AV_gauss1139_decomposed,present,0.9205
u26_AV_gauss1295_decomposed,present,0.8548
u26_AV_gauss1451_decomposed,present,0.8809
u26_AV_gauss1607_decomposed,present,0.9149
u26_AV_gauss1763_decomposed,present,0.8806
u26_AV_gauss1919_decomposed,present,0.8375
u26_AV_gauss203_decomposed,present,0.883
u26_AV_gauss2075_decomposed,present,0.8265
u26_AV_gauss2231_decomposed,present,0.8806
u26_AV_gauss359_decomposed,present,0.8356
u26_AV_gauss47_decomposed,present,0.8684
u26_AV_gauss515_decomposed,present,0.8925
u26_AV_gauss671_decomposed,present,0.8607
u26_AV_gauss827_decomposed,present,0.8518
u26_AV_gauss983_decomposed,present,0.8715
u26_MV_decomposed,present,0.6581
u26_MV_gauss1140_decomposed,present,0.8107
u26_MV_gauss1296_decomposed,present,0.9482
u26_MV_gauss1452_decomposed,present,0.5325
u26_MV_gauss1608_decomposed,present,0.8535
u26_MV_gauss1764_decomposed,present,0.9
u26_MV_gauss1920_decomposed,present,0.757
u26_MV_gauss204_decomposed,present,0.6456
u26_MV_gauss2076_decomposed,present,0.9146
u26_MV_gauss2232_decomposed,present,0.6897
u26_MV_gauss360_decomposed,present,0.7824
u26_MV_gauss48_decomposed,present,0.7833
u26_MV_gauss516_decomposed,present,0.9386
u26_MV_gauss672_decomposed,present,0.932
u26_MV_gauss828_decomposed,present,0.8033
u26_MV_gauss984_decomposed,present,0.9719
u26_PV_decomposed,present,0.6872
u26_PV_gauss1141_decomposed,present,0.5463
u26_PV_gauss1297_decomposed,present,0.9257
u26_PV_gauss1453_decomposed,present,0.8123
u26_PV_gauss1609_decomposed,present,0.868
u26_PV_gauss1765_decomposed,present,0.7779
u26_PV_gauss1921_decomposed,present,0.7948
u26_PV_gauss205_decomposed,present,0.8079
u26_PV_gauss2077_decomposed,present,0.8195
u26_PV_gauss2233_decomposed,present,0.8636
u26_PV_gauss361_decomposed,present,0.9104
u26_PV_gauss49_decomposed,present,0.9148
u26_PV_gauss517_decomposed,present,0.9489
u26_PV_gauss673_decomposed,present,0.9457
u26_PV_gauss829_decomposed,present,0.8905
u26_PV_gauss985_decomposed,present,0.9215
u26_TV_decomposed,absent,0.3856
u26_TV_gauss1142_decomposed,present,0.9169
u26_TV_gauss1298_decomposed,present,0.9191
u26_TV_gauss1454_decomposed,present,0.8496
u26_TV_gauss1610_decomposed,present,0.977
u26_TV_gauss1766_decomposed,present,0.9558
u26_TV_gauss1922_decomposed,present,0.9565
u26_TV_gauss206_decomposed,present,0.9308
u26_TV_gauss2078_decomposed,present,0.9223
u26_TV_gauss2234_decomposed,present,0.883
u26_TV_gauss362_decomposed,present,0.9547
u26_TV_gauss50_decomposed,present,0.9498
u26_TV_gauss518_decomposed,present,0.9166
u26_TV_gauss674_decomposed,present,0.9329
u26_TV_gauss830_decomposed,present,0.9717
u26_TV_gauss986_decomposed,present,0.978
u27_PV_decomposed,present,0.7565
u27_PV_gauss1143_decomposed,present,0.9508
u27_PV_gauss1299_decomposed,present,0.9832
u27_PV_gauss1455_decomposed,present,0.8927
u27_PV_gauss1611_decomposed,present,0.9257
u27_PV_gauss1767_decomposed,present,0.8893
u27_PV_gauss1923_decomposed,present,0.9259
u27_PV_gauss2079_decomposed,present,0.8898
u27_PV_gauss207_decomposed,present,0.9205
u27_PV_gauss2235_decomposed,present,0.8668
u27_PV_gauss363_decomposed,present,0.8771
u27_PV_gauss519_decomposed,present,0.9668
u27_PV_gauss51_decomposed,present,0.9314
u27_PV_gauss675_decomposed,present,0.8664
u27_PV_gauss831_decomposed,present,0.9175
u27_PV_gauss987_decomposed,present,0.9507
u28_MV_decomposed,present,0.7404
u28_MV_gauss1144_decomposed,present,0.8262
u28_MV_gauss1300_decomposed,present,0.8031
u28_MV_gauss1456_decomposed,present,0.8235
u28_MV_gauss1612_decomposed,present,0.8066
u28_MV_gauss1768_decomposed,present,0.8442
u28_MV_gauss1924_decomposed,present,0.7802
u28_MV_gauss2080_decomposed,present,0.8152
u28_MV_gauss208_decomposed,present,0.7446
u28_MV_gauss364_decomposed,present,0.801
u28_MV_gauss520_decomposed,present,0.8219
u28_MV_gauss52_decomposed,present,0.7642
u28_MV_gauss676_decomposed,present,0.774
u28_MV_gauss832_decomposed,present,0.8195
u28_MV_gauss988_decomposed,present,0.8208
u29_AV_decomposed,absent,0.3226
u29_AV_gauss1145_decomposed,present,0.8893
u29_AV_gauss1301_decomposed,present,0.8997
u29_AV_gauss1457_decomposed,present,0.9222
u29_AV_gauss1613_decomposed,present,0.8724
u29_AV_gauss1769_decomposed,present,0.9187
u29_AV_gauss1925_decomposed,present,0.8315
u29_AV_gauss2081_decomposed,present,0.9182
u29_AV_gauss209_decomposed,present,0.8665
u29_AV_gauss365_decomposed,present,0.9015
u29_AV_gauss521_decomposed,present,0.857
u29_AV_gauss53_decomposed,present,0.9028
u29_AV_gauss677_decomposed,present,0.9141
u29_AV_gauss833_decomposed,present,0.8107
u29_AV_gauss989_decomposed,present,0.9081
u29_MV_decomposed,present,0.5043
u29_MV_gauss1146_decomposed,present,0.8833
u29_MV_gauss1302_decomposed,present,0.8869
u29_MV_gauss1458_decomposed,present,0.843
u29_MV_gauss1614_decomposed,present,0.8631
u29_MV_gauss1770_decomposed,present,0.7995
u29_MV_gauss1926_decomposed,present,0.8779
u29_MV_gauss2082_decomposed,present,0.84
u29_MV_gauss210_decomposed,present,0.8591
u29_MV_gauss366_decomposed,present,0.85
u29_MV_gauss522_decomposed,present,0.868
u29_MV_gauss54_decomposed,present,0.8313
u29_MV_gauss678_decomposed,present,0.8062
u29_MV_gauss834_decomposed,present,0.9081
u29_MV_gauss990_decomposed,present,0.858
u2_MV_decomposed,present,0.8671
u2_MV_gauss1147_decomposed,present,0.9922
u2_MV_gauss1303_decomposed,present,0.9873
u2_MV_gauss1459_decomposed,present,0.9859
u2_MV_gauss1615_decomposed,present,0.9884
u2_MV_gauss1771_decomposed,present,0.9931
u2_MV_gauss1927_decomposed,present,0.9881
u2_MV_gauss2083_decomposed,present,0.9857
u2_MV_gauss211_decomposed,present,0.994
u2_MV_gauss367_decomposed,present,0.9654
u2_MV_gauss523_decomposed,present,0.9832
u2_MV_gauss55_decomposed,present,0.9795
u2_MV_gauss679_decomposed,present,0.9852
u2_MV_gauss835_decomposed,present,0.9938
u2_MV_gauss991_decomposed,present,0.99
u30_AV_decomposed,absent,0.1876
u30_AV_gauss1148_decomposed,present,0.7461
u30_AV_gauss1304_decomposed,present,0.6807
u30_AV_gauss1460_decomposed,present,0.7079
u30_AV_gauss1616_decomposed,present,0.6427
u30_AV_gauss1772_decomposed,present,0.7121
u30_AV_gauss1928_decomposed,present,0.6001
u30_AV_gauss2084_decomposed,present,0.6653
u30_AV_gauss212_decomposed,present,0.6772
u30_AV_gauss368_decomposed,present,0.6839
u30_AV_gauss524_decomposed,present,0.6527
u30_AV_gauss56_decomposed,present,0.6261
u30_AV_gauss680_decomposed,present,0.6531
u30_AV_gauss836_decomposed,present,0.6132
u30_AV_gauss992_decomposed,present,0.6788
u31_AV_decomposed,present,0.7499
u31_AV_gauss1149_decomposed,present,0.8065
u31_AV_gauss1305_decomposed,present,0.8365
u31_AV_gauss1461_decomposed,present,0.8489
u31_AV_gauss1617_decomposed,present,0.7651
u31_AV_gauss1773_decomposed,present,0.785
u31_AV_gauss1929_decomposed,present,0.8718
u31_AV_gauss2085_decomposed,present,0.8183
u31_AV_gauss213_decomposed,present,0.8196
u31_AV_gauss369_decomposed,present,0.8336
u31_AV_gauss525_decomposed,present,0.8526
u31_AV_gauss57_decomposed,present,0.8505
u31_AV_gauss681_decomposed,present,0.8355
u31_AV_gauss837_decomposed,present,0.8696
u31_AV_gauss993_decomposed,present,0.7731
u31_MV_decomposed,absent,0.2618
u31_MV_gauss1150_decomposed,present,0.6239
u31_MV_gauss1306_decomposed,present,0.67
u31_MV_gauss1462_decomposed,present,0.6611
u31_MV_gauss1618_decomposed,present,0.5524
u31_MV_gauss1774_decomposed,present,0.6194
u31_MV_gauss1930_decomposed,present,0.6284
u31_MV_gauss2086_decomposed,present,0.6202
u31_MV_gauss214_decomposed,present,0.6319
u31_MV_gauss370_decomposed,present,0.5671
u31_MV_gauss526_decomposed,present,0.5548
u31_MV_gauss58_decomposed,present,0.5914
u31_MV_gauss682_decomposed,present,0.5792
u31_MV_gauss838_decomposed,present,0.6577
u31_MV_gauss994_decomposed,present,0.581
u32_PV_decomposed,absent,0.0036
u32_PV_gauss1151_decomposed,absent,0.0298
u32_PV_gauss1307_decomposed,absent,0.0644
u32_PV_gauss1463_decomposed,absent,0.0598
u32_PV_gauss1619_decomposed,absent,0.068
u32_PV_gauss1775_decomposed,absent,0.0232
u32_PV_gauss1931_decomposed,absent,0.0285
u32_PV_gauss2087_decomposed,absent,0.0475
u32_PV_gauss215_decomposed,absent,0.0666
u32_PV_gauss371_decomposed,absent,0.0336
u32_PV_gauss527_decomposed,absent,0.0483
u32_PV_gauss59_decomposed,absent,0.0175
u32_PV_gauss683_decomposed,absent,0.0411
u32_PV_gauss839_decomposed,absent,0.0548
u32_PV_gauss995_decomposed,absent,0.102
u33_AV_decomposed,absent,0.2672
u33_AV_gauss1152_decomposed,present,0.7849
u33_AV_gauss1308_decomposed,present,0.7892
u33_AV_gauss1464_decomposed,present,0.7923
u33_AV_gauss1620_decomposed,present,0.6382
u33_AV_gauss1776_decomposed,present,0.8374
u33_AV_gauss1932_decomposed,present,0.8454
u33_AV_gauss2088_decomposed,present,0.8202
u33_AV_gauss216_decomposed,present,0.783
u33_AV_gauss372_decomposed,present,0.7483
u33_AV_gauss528_decomposed,present,0.8352
u33_AV_gauss60_decomposed,present,0.842
u33_AV_gauss684_decomposed,present,0.8213
u33_AV_gauss840_decomposed,present,0.787
u33_AV_gauss996_decomposed,present,0.7663
u33_MV_decomposed,absent,0.1025
u33_MV_gauss1153_decomposed,present,0.5593
u33_MV_gauss1309_decomposed,present,0.5182
u33_MV_gauss1465_decomposed,present,0.5727
u33_MV_gauss1621_decomposed,present,0.4734
u33_MV_gauss1777_decomposed,present,0.4891
u33_MV_gauss1933_decomposed,present,0.5347
u33_MV_gauss2089_decomposed,present,0.5215
u33_MV_gauss217_decomposed,present,0.6118
u33_MV_gauss373_decomposed,absent,0.4475
u33_MV_gauss529_decomposed,present,0.6259
u33_MV_gauss61_decomposed,present,0.5251
u33_MV_gauss685_decomposed,present,0.4625
u33_MV_gauss841_decomposed,present,0.5115
u33_MV_gauss997_decomposed,present,0.5955
u34_TV_decomposed,absent,0.0649
u34_TV_gauss1154_decomposed,present,0.5725
u34_TV_gauss1310_decomposed,present,0.6762
u34_TV_gauss1466_decomposed,absent,0.3514
u34_TV_gauss1622_decomposed,present,0.752
u34_TV_gauss1778_decomposed,present,0.5823
u34_TV_gauss1934_decomposed,present,0.4954
u34_TV_gauss2090_decomposed,present,0.7809
u34_TV_gauss218_decomposed,present,0.5487
u34_TV_gauss374_decomposed,present,0.5842
u34_TV_gauss530_decomposed,absent,0.3809
u34_TV_gauss62_decomposed,absent,0.4468
u34_TV_gauss686_decomposed,present,0.5531
u34_TV_gauss842_decomposed,absent,0.3418
u34_TV_gauss998_decomposed,present,0.7956
u35_MV_decomposed,absent,0.3796
u35_MV_gauss1155_decomposed,absent,0.3959
u35_MV_gauss1311_decomposed,present,0.5911
u35_MV_gauss1467_decomposed,present,0.4686
u35_MV_gauss1623_decomposed,absent,0.3031
u35_MV_gauss1779_decomposed,present,0.4709
u35_MV_gauss1935_decomposed,absent,0.4397
u35_MV_gauss2091_decomposed,present,0.5212
u35_MV_gauss219_decomposed,absent,0.4479
u35_MV_gauss375_decomposed,absent,0.3356
u35_MV_gauss531_decomposed,present,0.4615
u35_MV_gauss63_decomposed,absent,0.45
u35_MV_gauss687_decomposed,absent,0.3358
u35_MV_gauss843_decomposed,present,0.5364
u35_MV_gauss999_decomposed,present,0.5186
u36_AV_decomposed,present,0.6501
u36_AV_gauss1000_decomposed,present,0.9751
u36_AV_gauss1156_decomposed,present,0.9558
u36_AV_gauss1312_decomposed,present,0.9787
u36_AV_gauss1468_decomposed,present,0.8712
u36_AV_gauss1624_decomposed,present,0.9679
u36_AV_gauss1780_decomposed,present,0.9677
u36_AV_gauss1936_decomposed,present,0.9551
u36_AV_gauss2092_decomposed,present,0.9539
u36_AV_gauss220_decomposed,present,0.9765
u36_AV_gauss376_decomposed,present,0.9736
u36_AV_gauss532_decomposed,present,0.9826
u36_AV_gauss64_decomposed,present,0.9754
u36_AV_gauss688_decomposed,present,0.9638
u36_AV_gauss844_decomposed,present,0.974
u36_MV_decomposed,absent,0.2539
u36_MV_gauss1001_decomposed,present,0.5954
u36_MV_gauss1157_decomposed,present,0.5875
u36_MV_gauss1313_decomposed,present,0.531
u36_MV_gauss1469_decomposed,present,0.6459
u36_MV_gauss1625_decomposed,present,0.6075
u36_MV_gauss1781_decomposed,present,0.5682
u36_MV_gauss1937_decomposed,present,0.4923
u36_MV_gauss2093_decomposed,present,0.5439
u36_MV_gauss221_decomposed,present,0.6719
u36_MV_gauss377_decomposed,present,0.6716
u36_MV_gauss533_decomposed,present,0.4862
u36_MV_gauss65_decomposed,present,0.6034
u36_MV_gauss689_decomposed,present,0.59
u36_MV_gauss845_decomposed,present,0.6877
u36_PV_decomposed,absent,0.1241
u36_PV_gauss1002_decomposed,absent,0.3826
u36_PV_gauss1158_decomposed,absent,0.3535
u36_PV_gauss1314_decomposed,absent,0.4008
u36_PV_gauss1470_decomposed,absent,0.3283
u36_PV_gauss1626_decomposed,absent,0.3907
u36_PV_gauss1782_decomposed,absent,0.3234
u36_PV_gauss1938_decomposed,absent,0.4125
u36_PV_gauss2094_decomposed,absent,0.3566
u36_PV_gauss222_decomposed,absent,0.4382
u36_PV_gauss378_decomposed,absent,0.3037
u36_PV_gauss534_decomposed,absent,0.3575
u36_PV_gauss66_decomposed,absent,0.3834
u36_PV_gauss690_decomposed,absent,0.337
u36_PV_gauss846_decomposed,absent,0.3643
u36_TV_decomposed,absent,0.0949
u36_TV_gauss1003_decomposed,absent,0.2023
u36_TV_gauss1159_decomposed,absent,0.3104
u36_TV_gauss1315_decomposed,absent,0.3965
u36_TV_gauss1471_decomposed,absent,0.3112
u36_TV_gauss1627_decomposed,absent,0.2147
u36_TV_gauss1783_decomposed,absent,0.3259
u36_TV_gauss1939_decomposed,absent,0.2126
u36_TV_gauss2095_decomposed,absent,0.196
u36_TV_gauss223_decomposed,absent,0.2976
u36_TV_gauss379_decomposed,absent,0.2585
u36_TV_gauss535_decomposed,absent,0.2825
u36_TV_gauss67_decomposed,absent,0.2846
u36_TV_gauss691_decomposed,absent,0.3209
u36_TV_gauss847_decomposed,absent,0.3784
u37_AV_decomposed,absent,0.0246
u37_AV_gauss1004_decomposed,absent,0.0396
u37_AV_gauss1160_decomposed,absent,0.0657
u37_AV_gauss1316_decomposed,absent,0.0417
u37_AV_gauss1472_decomposed,absent,0.0549
u37_AV_gauss1628_decomposed,absent,0.0363
u37_AV_gauss1784_decomposed,absent,0.0334
u37_AV_gauss1940_decomposed,absent,0.0558
u37_AV_gauss2096_decomposed,absent,0.0405
u37_AV_gauss224_decomposed,absent,0.0366
u37_AV_gauss380_decomposed,absent,0.0414
u37_AV_gauss536_decomposed,absent,0.0344
u37_AV_gauss68_decomposed,absent,0.0406
u37_AV_gauss692_decomposed,absent,0.0357
u37_AV_gauss848_decomposed,absent,0.0351
u37_PV_decomposed,absent,0.4337
u37_PV_gauss1005_decomposed,present,0.8203
u37_PV_gauss1161_decomposed,present,0.7814
u37_PV_gauss1317_decomposed,present,0.7613
u37_PV_gauss1473_decomposed,present,0.6799
u37_PV_gauss1629_decomposed,present,0.7169
u37_PV_gauss1785_decomposed,present,0.5842
u37_PV_gauss1941_decomposed,present,0.8269
u37_PV_gauss2097_decomposed,present,0.7611
u37_PV_gauss225_decomposed,present,0.7092
u37_PV_gauss381_decomposed,present,0.6304
u37_PV_gauss537_decomposed,present,0.7489
u37_PV_gauss693_decomposed,present,0.8603
u37_PV_gauss69_decomposed,present,0.7773
u37_PV_gauss849_decomposed,present,0.6498
u38_PV_decomposed,absent,0.3827
u38_PV_gauss1006_decomposed,absent,0.4585
u38_PV_gauss1162_decomposed,present,0.5611
u38_PV_gauss1318_decomposed,present,0.5259
u38_PV_gauss1474_decomposed,absent,0.3509
u38_PV_gauss1630_decomposed,present,0.4975
u38_PV_gauss1786_decomposed,absent,0.3852
u38_PV_gauss1942_decomposed,present,0.5322
u38_PV_gauss2098_decomposed,absent,0.3662
u38_PV_gauss226_decomposed,absent,0.3597
u38_PV_gauss382_decomposed,present,0.5292
u38_PV_gauss538_decomposed,present,0.5353
u38_PV_gauss694_decomposed,present,0.5814
u38_PV_gauss70_decomposed,present,0.5113
u38_PV_gauss850_decomposed,present,0.549
u38_TV_decomposed,absent,0.3362
u38_TV_gauss1007_decomposed,present,0.926
u38_TV_gauss1163_decomposed,present,0.8707
u38_TV_gauss1319_decomposed,present,0.8313
u38_TV_gauss1475_decomposed,present,0.926
u38_TV_gauss1631_decomposed,present,0.9697
u38_TV_gauss1787_decomposed,present,0.974
u38_TV_gauss1943_decomposed,present,0.8713
u38_TV_gauss2099_decomposed,present,0.9162
u38_TV_gauss227_decomposed,present,0.9432
u38_TV_gauss383_decomposed,present,0.9673
u38_TV_gauss539_decomposed,present,0.91
u38_TV_gauss695_decomposed,present,0.9572
u38_TV_gauss71_decomposed,present,0.9225
u38_TV_gauss851_decomposed,present,0.9938
u39_PV_decomposed,absent,0.211
u39_PV_gauss1008_decomposed,present,0.7817
u39_PV_gauss1164_decomposed,present,0.5645
u39_PV_gauss1320_decomposed,present,0.7787
u39_PV_gauss1476_decomposed,present,0.7737
u39_PV_gauss1632_decomposed,present,0.6805
u39_PV_gauss1788_decomposed,present,0.7668
u39_PV_gauss1944_decomposed,present,0.7489
u39_PV_gauss2100_decomposed,present,0.5872
u39_PV_gauss228_decomposed,present,0.5864
u39_PV_gauss384_decomposed,present,0.5247
u39_PV_gauss540_decomposed,present,0.6755
u39_PV_gauss696_decomposed,present,0.5905
u39_PV_gauss72_decomposed,present,0.7355
u39_PV_gauss852_decomposed,present,0.7715
u3_AV_decomposed,present,0.5599
u3_AV_gauss1009_decomposed,present,0.8634
u3_AV_gauss1165_decomposed,present,0.8342
u3_AV_gauss1321_decomposed,present,0.7607
u3_AV_gauss1477_decomposed,present,0.7234
u3_AV_gauss1633_decomposed,present,0.7478
u3_AV_gauss1789_decomposed,present,0.652
u3_AV_gauss1945_decomposed,present,0.8009
u3_AV_gauss2101_decomposed,present,0.871
u3_AV_gauss229_decomposed,present,0.8391
u3_AV_gauss385_decomposed,present,0.7346
u3_AV_gauss541_decomposed,present,0.8414
u3_AV_gauss697_decomposed,present,0.7462
u3_AV_gauss73_decomposed,present,0.7447
u3_AV_gauss853_decomposed,present,0.8806
u3_MV_decomposed,absent,0.1116
u3_MV_gauss1010_decomposed,present,0.6383
u3_MV_gauss1166_decomposed,present,0.7226
u3_MV_gauss1322_decomposed,present,0.7656
u3_MV_gauss1478_decomposed,present,0.7005
u3_MV_gauss1634_decomposed,present,0.6703
u3_MV_gauss1790_decomposed,present,0.7069
u3_MV_gauss1946_decomposed,present,0.8156
u3_MV_gauss2102_decomposed,present,0.858
u3_MV_gauss230_decomposed,present,0.7437
u3_MV_gauss386_decomposed,present,0.7134
u3_MV_gauss542_decomposed,present,0.6864
u3_MV_gauss698_decomposed,present,0.646
u3_MV_gauss74_decomposed,present,0.7468
u3_MV_gauss854_decomposed,present,0.6602
u40_AV_decomposed,absent,0.0147
u40_AV_gauss1011_decomposed,absent,0.0873
u40_AV_gauss1167_decomposed,absent,0.1128
u40_AV_gauss1323_decomposed,absent,0.0991
u40_AV_gauss1479_decomposed,absent,0.1263
u40_AV_gauss1635_decomposed,absent,0.1246
u40_AV_gauss1791_decomposed,absent,0.0712
u40_AV_gauss1947_decomposed,absent,0.1277
u40_AV_gauss2103_decomposed,absent,0.1421
u40_AV_gauss231_decomposed,absent,0.1391
u40_AV_gauss387_decomposed,absent,0.1335
u40_AV_gauss543_decomposed,absent,0.1108
u40_AV_gauss699_decomposed,absent,0.0921
u40_AV_gauss75_decomposed,absent,0.0764
u40_AV_gauss855_decomposed,absent,0.1209
u40_MV_decomposed,absent,0.1073
u40_MV_gauss1012_decomposed,present,0.8305
u40_MV_gauss1168_decomposed,present,0.6028
u40_MV_gauss1324_decomposed,present,0.4889
u40_MV_gauss1480_decomposed,present,0.7549
u40_MV_gauss1636_decomposed,present,0.4838
u40_MV_gauss1792_decomposed,absent,0.4248
u40_MV_gauss1948_decomposed,present,0.7821
u40_MV_gauss2104_decomposed,present,0.5966
u40_MV_gauss232_decomposed,present,0.7116
u40_MV_gauss388_decomposed,present,0.7618
u40_MV_gauss544_decomposed,present,0.5027
u40_MV_gauss700_decomposed,absent,0.421
u40_MV_gauss76_decomposed,present,0.7074
u40_MV_gauss856_decomposed,present,0.6987
u40_PV_decomposed,absent,0.0736
u40_PV_gauss1013_decomposed,present,0.6261
u40_PV_gauss1169_decomposed,present,0.713
u40_PV_gauss1325_decomposed,present,0.4958
u40_PV_gauss1481_decomposed,present,0.527
u40_PV_gauss1637_decomposed,present,0.4686
u40_PV_gauss1793_decomposed,present,0.6717
u40_PV_gauss1949_decomposed,present,0.4772
u40_PV_gauss2105_decomposed,present,0.5215
u40_PV_gauss233_decomposed,present,0.6004
u40_PV_gauss389_decomposed,present,0.5351
u40_PV_gauss545_decomposed,absent,0.3477
u40_PV_gauss701_decomposed,present,0.5669
u40_PV_gauss77_decomposed,absent,0.4595
u40_PV_gauss857_decomposed,present,0.6199
u41_AV_decomposed,absent,0.2267
u41_AV_gauss1014_decomposed,absent,0.4048
u41_AV_gauss1170_decomposed,present,0.4837
u41_AV_gauss1326_decomposed,absent,0.432
u41_AV_gauss1482_decomposed,absent,0.3843
u41_AV_gauss1638_decomposed,absent,0.4324
u41_AV_gauss1794_decomposed,absent,0.4552
u41_AV_gauss1950_decomposed,absent,0.4571
u41_AV_gauss2106_decomposed,absent,0.4592
u41_AV_gauss234_decomposed,absent,0.4368
u41_AV_gauss390_decomposed,absent,0.4194
u41_AV_gauss546_decomposed,absent,0.3697
u41_AV_gauss702_decomposed,present,0.5007
u41_AV_gauss78_decomposed,absent,0.4142
u41_AV_gauss858_decomposed,present,0.4816
u41_MV_decomposed,absent,0.2428
u41_MV_gauss1015_decomposed,present,0.7341
u41_MV_gauss1171_decomposed,present,0.801
u41_MV_gauss1327_decomposed,present,0.7974
u41_MV_gauss1483_decomposed,present,0.7888
u41_MV_gauss1639_decomposed,present,0.7692
u41_MV_gauss1795_decomposed,present,0.7978
u41_MV_gauss1951_decomposed,present,0.8388
u41_MV_gauss2107_decomposed,present,0.8086
u41_MV_gauss235_decomposed,present,0.7935
u41_MV_gauss391_decomposed,present,0.7264
u41_MV_gauss547_decomposed,present,0.8413
u41_MV_gauss703_decomposed,present,0.7747
u41_MV_gauss79_decomposed,present,0.6812
u41_MV_gauss859_decomposed,present,0.7581
u42_PV_decomposed,absent,0.0194
u42_PV_gauss1016_decomposed,absent,0.1356
u42_PV_gauss1172_decomposed,absent,0.0677
u42_PV_gauss1328_decomposed,absent,0.2097
u42_PV_gauss1484_decomposed,absent,0.1688
u42_PV_gauss1640_decomposed,absent,0.0791
u42_PV_gauss1796_decomposed,absent,0.1003
u42_PV_gauss1952_decomposed,absent,0.2948
u42_PV_gauss2108_decomposed,absent,0.0785
u42_PV_gauss236_decomposed,absent,0.1746
u42_PV_gauss392_decomposed,absent,0.2935
u42_PV_gauss548_decomposed,absent,0.1193
u42_PV_gauss704_decomposed,absent,0.0975
u42_PV_gauss80_decomposed,absent,0.078
u42_PV_gauss860_decomposed,absent,0.0766
u42_TV_decomposed,absent,0.2527
u42_TV_gauss1017_decomposed,present,0.8952
u42_TV_gauss1173_decomposed,present,0.9404
u42_TV_gauss1329_decomposed,present,0.8925
u42_TV_gauss1485_decomposed,present,0.8894
u42_TV_gauss1641_decomposed,present,0.8848
u42_TV_gauss1797_decomposed,present,0.8928
u42_TV_gauss1953_decomposed,present,0.9313
u42_TV_gauss2109_decomposed,present,0.8686
u42_TV_gauss237_decomposed,present,0.8236
u42_TV_gauss393_decomposed,present,0.8564
u42_TV_gauss549_decomposed,present,0.8854
u42_TV_gauss705_decomposed,present,0.8602
u42_TV_gauss81_decomposed,present,0.8886
u42_TV_gauss861_decomposed,present,0.8827
u43_AV_decomposed,present,0.73
u43_AV_gauss1018_decomposed,present,0.9375
u43_AV_gauss1174_decomposed,present,0.9392
u43_AV_gauss1330_decomposed,present,0.9234
u43_AV_gauss1486_decomposed,present,0.9339
u43_AV_gauss1642_decomposed,present,0.9186
u43_AV_gauss1798_decomposed,present,0.941
u43_AV_gauss1954_decomposed,present,0.9411
u43_AV_gauss2110_decomposed,present,0.9234
u43_AV_gauss238_decomposed,present,0.9426
u43_AV_gauss394_decomposed,present,0.9369
u43_AV_gauss550_decomposed,present,0.9126
u43_AV_gauss706_decomposed,present,0.9182
u43_AV_gauss82_decomposed,present,0.921
u43_AV_gauss862_decomposed,present,0.9222
u44_MV_decomposed,absent,0.2209
u44_MV_gauss1019_decomposed,present,0.525
u44_MV_gauss1175_decomposed,present,0.5862
u44_MV_gauss1331_decomposed,present,0.5075
u44_MV_gauss1487_decomposed,present,0.5386
u44_MV_gauss1643_decomposed,present,0.5343
u44_MV_gauss1799_decomposed,present,0.5431
u44_MV_gauss1955_decomposed,present,0.5483
u44_MV_gauss2111_decomposed,present,0.5459
u44_MV_gauss239_decomposed,present,0.5289
u44_MV_gauss395_decomposed,present,0.5579
u44_MV_gauss551_decomposed,present,0.5432
u44_MV_gauss707_decomposed,present,0.5314
u44_MV_gauss83_decomposed,present,0.5521
u44_MV_gauss863_decomposed,present,0.5498
u45_AV_decomposed,absent,0.2117
u45_AV_gauss1020_decomposed,absent,0.3868
u45_AV_gauss1176_decomposed,present,0.4602
u45_AV_gauss1332_decomposed,absent,0.3134
u45_AV_gauss1488_decomposed,absent,0.4234
u45_AV_gauss1644_decomposed,absent,0.4223
u45_AV_gauss1800_decomposed,absent,0.3069
u45_AV_gauss1956_decomposed,absent,0.4261
u45_AV_gauss2112_decomposed,absent,0.3607
u45_AV_gauss240_decomposed,absent,0.3647
u45_AV_gauss396_decomposed,absent,0.3358
u45_AV_gauss552_decomposed,absent,0.3456
u45_AV_gauss708_decomposed,absent,0.3516
u45_AV_gauss84_decomposed,absent,0.2562
u45_AV_gauss864_decomposed,absent,0.4158
u45_PV_decomposed,absent,0.3612
u45_PV_gauss1021_decomposed,absent,0.4115
u45_PV_gauss1177_decomposed,absent,0.4297
u45_PV_gauss1333_decomposed,absent,0.3741
u45_PV_gauss1489_decomposed,absent,0.4361
u45_PV_gauss1645_decomposed,absent,0.3705
u45_PV_gauss1801_decomposed,absent,0.4388
u45_PV_gauss1957_decomposed,absent,0.4364
u45_PV_gauss2113_decomposed,absent,0.4532
u45_PV_gauss241_decomposed,absent,0.4204
u45_PV_gauss397_decomposed,absent,0.4172
u45_PV_gauss553_decomposed,absent,0.4144
u45_PV_gauss709_decomposed,absent,0.3873
u45_PV_gauss85_decomposed,absent,0.4207
u45_PV_gauss865_decomposed,absent,0.4129
u45_TV_decomposed,absent,0.0368
u45_TV_gauss1022_decomposed,absent,0.2234
u45_TV_gauss1178_decomposed,absent,0.2016
u45_TV_gauss1334_decomposed,absent,0.2206
u45_TV_gauss1490_decomposed,absent,0.2116
u45_TV_gauss1646_decomposed,absent,0.1288
u45_TV_gauss1802_decomposed,absent,0.2035
u45_TV_gauss1958_decomposed,absent,0.2403
u45_TV_gauss2114_decomposed,absent,0.1937
u45_TV_gauss242_decomposed,absent,0.1629
u45_TV_gauss398_decomposed,absent,0.2018
u45_TV_gauss554_decomposed,absent,0.1839
u45_TV_gauss710_decomposed,absent,0.181
u45_TV_gauss866_decomposed,absent,0.2504
u45_TV_gauss86_decomposed,absent,0.237
u46_MV_decomposed,present,0.4785
u46_MV_gauss1023_decomposed,absent,0.4295
u46_MV_gauss1179_decomposed,present,0.5097
u46_MV_gauss1335_decomposed,present,0.4943
u46_MV_gauss1491_decomposed,absent,0.4476
u46_MV_gauss1647_decomposed,absent,0.4536
u46_MV_gauss1803_decomposed,absent,0.3868
u46_MV_gauss1959_decomposed,absent,0.4381
u46_MV_gauss2115_decomposed,absent,0.4081
u46_MV_gauss243_decomposed,present,0.5179
u46_MV_gauss399_decomposed,absent,0.4029
u46_MV_gauss555_decomposed,present,0.5339
u46_MV_gauss711_decomposed,present,0.5525
u46_MV_gauss867_decomposed,absent,0.4117
u46_MV_gauss87_decomposed,present,0.4699
u46_PV_decomposed,present,0.8369
u46_PV_gauss1024_decomposed,present,0.943
u46_PV_gauss1180_decomposed,present,0.939
u46_PV_gauss1336_decomposed,present,0.915
u46_PV_gauss1492_decomposed,present,0.9444
u46_PV_gauss1648_decomposed,present,0.9517
u46_PV_gauss1804_decomposed,present,0.9171
u46_PV_gauss1960_decomposed,present,0.9158
u46_PV_gauss2116_decomposed,present,0.9402
u46_PV_gauss244_decomposed,present,0.9576
u46_PV_gauss400_decomposed,present,0.9363
u46_PV_gauss556_decomposed,present,0.9332
u46_PV_gauss712_decomposed,present,0.9202
u46_PV_gauss868_decomposed,present,0.9167
u46_PV_gauss88_decomposed,present,0.927
u46_TV_decomposed,absent,0.2433
u46_TV_gauss1025_decomposed,present,0.4955
u46_TV_gauss1181_decomposed,present,0.5064
u46_TV_gauss1337_decomposed,present,0.4901
u46_TV_gauss1493_decomposed,present,0.5297
u46_TV_gauss1649_decomposed,present,0.503
u46_TV_gauss1805_decomposed,present,0.4747
u46_TV_gauss1961_decomposed,present,0.4745
u46_TV_gauss2117_decomposed,present,0.548
u46_TV_gauss245_decomposed,present,0.4954
u46_TV_gauss401_decomposed,present,0.5504
u46_TV_gauss557_decomposed,absent,0.442
u46_TV_gauss713_decomposed,present,0.5578
u46_TV_gauss869_decomposed,present,0.5771
u46_TV_gauss89_decomposed,present,0.5932
u47_MV_decomposed,absent,0.1541
u47_MV_gauss1026_decomposed,absent,0.114
u47_MV_gauss1182_decomposed,absent,0.2403
u47_MV_gauss1338_decomposed,absent,0.1058
u47_MV_gauss1494_decomposed,absent,0.3213
u47_MV_gauss1650_decomposed,absent,0.2599
u47_MV_gauss1806_decomposed,absent,0.0925
u47_MV_gauss1962_decomposed,absent,0.4205
u47_MV_gauss2118_decomposed,present,0.4627
u47_MV_gauss246_decomposed,absent,0.2364
u47_MV_gauss402_decomposed,absent,0.1708
u47_MV_gauss558_decomposed,absent,0.2805
u47_MV_gauss714_decomposed,absent,0.2259
u47_MV_gauss870_decomposed,absent,0.1203
u47_MV_gauss90_decomposed,absent,0.1613
u47_PV_decomposed,absent,0.1959
u47_PV_gauss1027_decomposed,present,0.7314
u47_PV_gauss1183_decomposed,present,0.6731
u47_PV_gauss1339_decomposed,present,0.6761
u47_PV_gauss1495_decomposed,present,0.6788
u47_PV_gauss1651_decomposed,present,0.7751
u47_PV_gauss1807_decomposed,present,0.6968
u47_PV_gauss1963_decomposed,present,0.7097
u47_PV_gauss2119_decomposed,present,0.6995
u47_PV_gauss247_decomposed,present,0.7265
u47_PV_gauss403_decomposed,present,0.6639
u47_PV_gauss559_decomposed,present,0.8066
u47_PV_gauss715_decomposed,present,0.803
u47_PV_gauss871_decomposed,present,0.6363
u47_PV_gauss91_decomposed,present,0.7164
u48_AV_decomposed,absent,0.0196
u48_AV_gauss1028_decomposed,absent,0.0008
u48_AV_gauss1184_decomposed,absent,0.1781
u48_AV_gauss1340_decomposed,absent,0.0846
u48_AV_gauss1496_decomposed,absent,0.1745
u48_AV_gauss1652_decomposed,absent,0.0595
u48_AV_gauss1808_decomposed,absent,0.0881
u48_AV_gauss1964_decomposed,absent,0.0294
u48_AV_gauss2120_decomposed,absent,0.1125
u48_AV_gauss248_decomposed,absent,0.063
u48_AV_gauss404_decomposed,absent,0.1165
u48_AV_gauss560_decomposed,absent,0.003
u48_AV_gauss716_decomposed,absent,0.0044
u48_AV_gauss872_decomposed,absent,0.0729
u48_AV_gauss92_decomposed,absent,0.0689
u48_MV_decomposed,absent,0.0087
u48_MV_gauss1029_decomposed,absent,0.0455
u48_MV_gauss1185_decomposed,absent,0.0172
u48_MV_gauss1341_decomposed,absent,0.0069
u48_MV_gauss1497_decomposed,absent,0.0283
u48_MV_gauss1653_decomposed,absent,0.0118
u48_MV_gauss1809_decomposed,absent,0.0376
u48_MV_gauss1965_decomposed,absent,0.0134
u48_MV_gauss2121_decomposed,absent,0.0249
u48_MV_gauss249_decomposed,absent,0.0095
u48_MV_gauss405_decomposed,absent,0.0176
u48_MV_gauss561_decomposed,absent,0.009
u48_MV_gauss717_decomposed,absent,0.0187
u48_MV_gauss873_decomposed,absent,0.0457
u48_MV_gauss93_decomposed,absent,0.0303
u48_PV_decomposed,absent,0.4091
u48_PV_gauss1030_decomposed,present,0.5998
u48_PV_gauss1186_decomposed,present,0.5868
u48_PV_gauss1342_decomposed,present,0.489
u48_PV_gauss1498_decomposed,absent,0.4183
u48_PV_gauss1654_decomposed,present,0.5026
u48_PV_gauss1810_decomposed,present,0.5559
u48_PV_gauss1966_decomposed,absent,0.4426
u48_PV_gauss2122_decomposed,present,0.4819
u48_PV_gauss250_decomposed,present,0.5058
u48_PV_gauss406_decomposed,absent,0.4088
u48_PV_gauss562_decomposed,absent,0.3862
u48_PV_gauss718_decomposed,present,0.4807
u48_PV_gauss874_decomposed,absent,0.3748
u48_PV_gauss94_decomposed,absent,0.4437
u49_AV_decomposed,absent,0.3616
u49_AV_gauss1031_decomposed,present,0.7612
u49_AV_gauss1187_decomposed,present,0.8463
u49_AV_gauss1343_decomposed,present,0.8832
u49_AV_gauss1499_decomposed,present,0.8842
u49_AV_gauss1655_decomposed,present,0.8745
u49_AV_gauss1811_decomposed,present,0.8288
u49_AV_gauss1967_decomposed,present,0.6857
u49_AV_gauss2123_decomposed,present,0.8174
u49_AV_gauss251_decomposed,present,0.8267
u49_AV_gauss407_decomposed,present,0.8595
u49_AV_gauss563_decomposed,present,0.9039
u49_AV_gauss719_decomposed,present,0.87
u49_AV_gauss875_decomposed,present,0.8308
u49_AV_gauss95_decomposed,present,0.8601
u49_MV_decomposed,absent,0.4081
u49_MV_gauss1032_decomposed,present,0.5727
u49_MV_gauss1188_decomposed,present,0.5854
u49_MV_gauss1344_decomposed,present,0.5925
u49_MV_gauss1500_decomposed,present,0.51
u49_MV_gauss1656_decomposed,present,0.5943
u49_MV_gauss1812_decomposed,present,0.5551
u49_MV_gauss1968_decomposed,present,0.6297
u49_MV_gauss2124_decomposed,present,0.6144
u49_MV_gauss252_decomposed,present,0.6324
u49_MV_gauss408_decomposed,present,0.5782
u49_MV_gauss564_decomposed,present,0.5594
u49_MV_gauss720_decomposed,present,0.6479
u49_MV_gauss876_decomposed,present,0.5595
u49_MV_gauss96_decomposed,present,0.5627
u4_AV_decomposed,absent,0.1592
u4_AV_gauss1033_decomposed,present,0.5399
u4_AV_gauss1189_decomposed,present,0.5395
u4_AV_gauss1345_decomposed,present,0.5926
u4_AV_gauss1501_decomposed,present,0.5795
u4_AV_gauss1657_decomposed,present,0.5532
u4_AV_gauss1813_decomposed,present,0.5727
u4_AV_gauss1969_decomposed,present,0.6084
u4_AV_gauss2125_decomposed,present,0.5413
u4_AV_gauss253_decomposed,present,0.5596
u4_AV_gauss409_decomposed,present,0.6227
u4_AV_gauss565_decomposed,present,0.5386
u4_AV_gauss721_decomposed,present,0.6276
u4_AV_gauss877_decomposed,present,0.5412
u4_AV_gauss97_decomposed,present,0.5895
u4_PV_decomposed,absent,0.4331
u4_PV_gauss1034_decomposed,present,0.8952
u4_PV_gauss1190_decomposed,present,0.9813
u4_PV_gauss1346_decomposed,present,0.8971
u4_PV_gauss1502_decomposed,present,0.9173
u4_PV_gauss1658_decomposed,present,0.9553
u4_PV_gauss1814_decomposed,present,0.881
u4_PV_gauss1970_decomposed,present,0.9582
u4_PV_gauss2126_decomposed,present,0.9745
u4_PV_gauss254_decomposed,present,0.903
u4_PV_gauss410_decomposed,present,0.9402
u4_PV_gauss566_decomposed,present,0.9062
u4_PV_gauss722_decomposed,present,0.9624
u4_PV_gauss878_decomposed,present,0.8648
u4_PV_gauss98_decomposed,present,0.8875
u50_MV_decomposed,absent,0.1826
u50_MV_gauss1035_decomposed,present,0.6368
u50_MV_gauss1191_decomposed,present,0.7917
u50_MV_gauss1347_decomposed,present,0.6183
u50_MV_gauss1503_decomposed,present,0.514
u50_MV_gauss1659_decomposed,absent,0.3972
u50_MV_gauss1815_decomposed,present,0.717
u50_MV_gauss1971_decomposed,present,0.6138
u50_MV_gauss2127_decomposed,present,0.4656
u50_MV_gauss255_decomposed,present,0.5468
u50_MV_gauss411_decomposed,present,0.6059
u50_MV_gauss567_decomposed,present,0.4609
u50_MV_gauss723_decomposed,present,0.7005
u50_MV_gauss879_decomposed,present,0.5551
u50_MV_gauss99_decomposed,absent,0.393
u50_PV_decomposed,absent,0.0677
u50_PV_gauss100_decomposed,absent,0.4357
u50_PV_gauss1036_decomposed,present,0.4757
u50_PV_gauss1192_decomposed,present,0.4745
u50_PV_gauss1348_decomposed,absent,0.3598
u50_PV_gauss1504_decomposed,present,0.4989
u50_PV_gauss1660_decomposed,present,0.5037
u50_PV_gauss1816_decomposed,present,0.5105
u50_PV_gauss1972_decomposed,present,0.5248
u50_PV_gauss2128_decomposed,absent,0.3415
u50_PV_gauss256_decomposed,absent,0.3748
u50_PV_gauss412_decomposed,present,0.5286
u50_PV_gauss568_decomposed,absent,0.4056
u50_PV_gauss724_decomposed,absent,0.4419
u50_PV_gauss880_decomposed,present,0.5387
u50_TV_decomposed,absent,0.1395
u50_TV_gauss101_decomposed,present,0.6801
u50_TV_gauss1037_decomposed,present,0.697
u50_TV_gauss1193_decomposed,present,0.6543
u50_TV_gauss1349_decomposed,present,0.7503
u50_TV_gauss1505_decomposed,present,0.6574
u50_TV_gauss1661_decomposed,present,0.6602
u50_TV_gauss1817_decomposed,present,0.7752
u50_TV_gauss1973_decomposed,present,0.7119
u50_TV_gauss2129_decomposed,present,0.7297
u50_TV_gauss257_decomposed,present,0.6542
u50_TV_gauss413_decomposed,present,0.7465
u50_TV_gauss569_decomposed,present,0.6888
u50_TV_gauss725_decomposed,present,0.7573
u50_TV_gauss881_decomposed,present,0.7143
u51_AV_decomposed,absent,0.0681
u51_AV_gauss102_decomposed,absent,0.164
u51_AV_gauss1038_decomposed,absent,0.2171
u51_AV_gauss1194_decomposed,absent,0.1957
u51_AV_gauss1350_decomposed,absent,0.2209
u51_AV_gauss1506_decomposed,absent,0.1972
u51_AV_gauss1662_decomposed,absent,0.1661
u51_AV_gauss1818_decomposed,absent,0.2288
u51_AV_gauss1974_decomposed,absent,0.2054
u51_AV_gauss2130_decomposed,absent,0.2048
u51_AV_gauss258_decomposed,absent,0.2004
u51_AV_gauss414_decomposed,absent,0.2298
u51_AV_gauss570_decomposed,absent,0.1773
u51_AV_gauss726_decomposed,absent,0.1829
u51_AV_gauss882_decomposed,absent,0.1999
u51_MV_decomposed,absent,0.0584
u51_MV_gauss1039_decomposed,absent,0.1148
u51_MV_gauss103_decomposed,absent,0.1237
u51_MV_gauss1195_decomposed,absent,0.0999
u51_MV_gauss1351_decomposed,absent,0.1134
u51_MV_gauss1507_decomposed,absent,0.1418
u51_MV_gauss1663_decomposed,absent,0.1395
u51_MV_gauss1819_decomposed,absent,0.0944
u51_MV_gauss1975_decomposed,absent,0.1208
u51_MV_gauss2131_decomposed,absent,0.089
u51_MV_gauss259_decomposed,absent,0.1269
u51_MV_gauss415_decomposed,absent,0.1217
u51_MV_gauss571_decomposed,absent,0.1344
u51_MV_gauss727_decomposed,absent,0.119
u51_MV_gauss883_decomposed,absent,0.1501
u52_AV_decomposed,absent,0.0018
u52_AV_gauss1040_decomposed,absent,0.4415
u52_AV_gauss104_decomposed,absent,0.3536
u52_AV_gauss1196_decomposed,absent,0.3674
u52_AV_gauss1352_decomposed,absent,0.3528
u52_AV_gauss1508_decomposed,absent,0.3912
u52_AV_gauss1664_decomposed,present,0.5582
u52_AV_gauss1820_decomposed,absent,0.3966
u52_AV_gauss1976_decomposed,absent,0.2811
u52_AV_gauss2132_decomposed,absent,0.3499
u52_AV_gauss260_decomposed,absent,0.3336
u52_AV_gauss416_decomposed,absent,0.3716
u52_AV_gauss572_decomposed,absent,0.3699
u52_AV_gauss728_decomposed,absent,0.3905
u52_AV_gauss884_decomposed,absent,0.3972
u53_AV_decomposed,absent,0.147
u53_AV_gauss1041_decomposed,absent,0.184
u53_AV_gauss105_decomposed,absent,0.2675
u53_AV_gauss1197_decomposed,absent,0.2817
u53_AV_gauss1353_decomposed,absent,0.2012
u53_AV_gauss1509_decomposed,absent,0.3034
u53_AV_gauss1665_decomposed,absent,0.1844
u53_AV_gauss1821_decomposed,absent,0.2335
u53_AV_gauss1977_decomposed,absent,0.2115
u53_AV_gauss2133_decomposed,absent,0.1308
u53_AV_gauss261_decomposed,absent,0.1753
u53_AV_gauss417_decomposed,absent,0.2657
u53_AV_gauss573_decomposed,absent,0.3016
u53_AV_gauss729_decomposed,absent,0.2736
u53_AV_gauss885_decomposed,absent,0.2388
u53_MV_decomposed,absent,0.2654
u53_MV_gauss1042_decomposed,present,0.9213
u53_MV_gauss106_decomposed,present,0.9814
u53_MV_gauss1198_decomposed,present,0.933
u53_MV_gauss1354_decomposed,present,0.8827
u53_MV_gauss1510_decomposed,present,0.9622
u53_MV_gauss1666_decomposed,present,0.8321
u53_MV_gauss1822_decomposed,present,0.7804
u53_MV_gauss1978_decomposed,present,0.9361
u53_MV_gauss2134_decomposed,present,0.8731
u53_MV_gauss262_decomposed,present,0.9578
u53_MV_gauss418_decomposed,present,0.9723
u53_MV_gauss574_decomposed,present,0.9338
u53_MV_gauss730_decomposed,present,0.9269
u53_MV_gauss886_decomposed,present,0.9612
u53_PV_decomposed,absent,0.3103
u53_PV_gauss1043_decomposed,present,0.645
u53_PV_gauss107_decomposed,present,0.4975
u53_PV_gauss1199_decomposed,present,0.575
u53_PV_gauss1355_decomposed,present,0.5732
u53_PV_gauss1511_decomposed,present,0.5659
u53_PV_gauss1667_decomposed,present,0.5274
u53_PV_gauss1823_decomposed,present,0.5241
u53_PV_gauss1979_decomposed,present,0.5782
u53_PV_gauss2135_decomposed,present,0.6883
u53_PV_gauss263_decomposed,present,0.6055
u53_PV_gauss419_decomposed,present,0.544
u53_PV_gauss575_decomposed,present,0.7076
u53_PV_gauss731_decomposed,present,0.6071
u53_PV_gauss887_decomposed,present,0.5741
u53_TV_decomposed,absent,0.0298
u53_TV_gauss1044_decomposed,present,0.7366
u53_TV_gauss108_decomposed,absent,0.4238
u53_TV_gauss1200_decomposed,present,0.6159
u53_TV_gauss1356_decomposed,absent,0.3285
u53_TV_gauss1512_decomposed,present,0.5268
u53_TV_gauss1668_decomposed,present,0.7306
u53_TV_gauss1824_decomposed,present,0.614
u53_TV_gauss1980_decomposed,present,0.6291
u53_TV_gauss2136_decomposed,present,0.8339
u53_TV_gauss264_decomposed,present,0.4702
u53_TV_gauss420_decomposed,present,0.8324
u53_TV_gauss576_decomposed,absent,0.364
u53_TV_gauss732_decomposed,present,0.846
u53_TV_gauss888_decomposed,present,0.5214
u54_AV_decomposed,absent,0.3939
u54_AV_gauss1045_decomposed,present,0.4949
u54_AV_gauss109_decomposed,present,0.5562
u54_AV_gauss1201_decomposed,present,0.9188
u54_AV_gauss1357_decomposed,present,0.6216
u54_AV_gauss1513_decomposed,present,0.6554
u54_AV_gauss1669_decomposed,present,0.5868
u54_AV_gauss1825_decomposed,present,0.9017
u54_AV_gauss1981_decomposed,absent,0.3469
u54_AV_gauss2137_decomposed,absent,0.4372
u54_AV_gauss265_decomposed,present,0.6486
u54_AV_gauss421_decomposed,present,0.5511
u54_AV_gauss577_decomposed,present,0.5398
u54_AV_gauss733_decomposed,present,0.8479
u54_AV_gauss889_decomposed,present,0.9045
u54_MV_decomposed,absent,0.4208
u54_MV_gauss1046_decomposed,present,0.4626
u54_MV_gauss110_decomposed,present,0.8605
u54_MV_gauss1202_decomposed,present,0.9141
u54_MV_gauss1358_decomposed,present,0.749
u54_MV_gauss1514_decomposed,present,0.8893
u54_MV_gauss1670_decomposed,present,0.7054
u54_MV_gauss1826_decomposed,present,0.8915
u54_MV_gauss1982_decomposed,present,0.6457
u54_MV_gauss2138_decomposed,present,0.8037
u54_MV_gauss266_decomposed,present,0.5975
u54_MV_gauss422_decomposed,present,0.7342
u54_MV_gauss578_decomposed,present,0.5907
u54_MV_gauss734_decomposed,present,0.8153
u54_MV_gauss890_decomposed,present,0.9522
u54_PV_decomposed,absent,0.4528
u54_PV_gauss1047_decomposed,present,0.6388
u54_PV_gauss111_decomposed,present,0.6046
u54_PV_gauss1203_decomposed,present,0.5903
u54_PV_gauss1359_decomposed,absent,0.3307
u54_PV_gauss1515_decomposed,present,0.5617
u54_PV_gauss1671_decomposed,absent,0.3902
u54_PV_gauss1827_decomposed,present,0.6612
u54_PV_gauss1983_decomposed,absent,0.3564
u54_PV_gauss2139_decomposed,present,0.6183
u54_PV_gauss267_decomposed,present,0.7257
u54_PV_gauss423_decomposed,present,0.5044
u54_PV_gauss579_decomposed,present,0.5986
u54_PV_gauss735_decomposed,absent,0.4454
u54_PV_gauss891_decomposed,present,0.6543
u54_TV_decomposed,present,0.7171
u54_TV_gauss1048_decomposed,present,0.8684
u54_TV_gauss112_decomposed,present,0.8973
u54_TV_gauss1204_decomposed,present,0.8397
u54_TV_gauss1360_decomposed,present,0.876
u54_TV_gauss1516_decomposed,present,0.8646
u54_TV_gauss1672_decomposed,present,0.8427
u54_TV_gauss1828_decomposed,present,0.8716
u54_TV_gauss1984_decomposed,present,0.8525
u54_TV_gauss2140_decomposed,present,0.9787
u54_TV_gauss268_decomposed,present,0.8496
u54_TV_gauss424_decomposed,present,0.8449
u54_TV_gauss580_decomposed,present,0.8671
u54_TV_gauss736_decomposed,present,0.8576
u54_TV_gauss892_decomposed,present,0.8908
u55_AV_decomposed,present,0.8551
u55_AV_gauss1049_decomposed,present,0.9047
u55_AV_gauss113_decomposed,present,0.8907
u55_AV_gauss1205_decomposed,present,0.893
u55_AV_gauss1361_decomposed,present,0.8802
u55_AV_gauss1517_decomposed,present,0.8964
u55_AV_gauss1673_decomposed,present,0.8977
u55_AV_gauss1829_decomposed,present,0.9001
u55_AV_gauss1985_decomposed,present,0.8904
u55_AV_gauss2141_decomposed,present,0.9023
u55_AV_gauss269_decomposed,present,0.8996
u55_AV_gauss425_decomposed,present,0.9131
u55_AV_gauss581_decomposed,present,0.9103
u55_AV_gauss737_decomposed,present,0.8782
u55_AV_gauss893_decomposed,present,0.9299
u55_MV_decomposed,present,0.5977
u55_MV_gauss1050_decomposed,present,0.785
u55_MV_gauss114_decomposed,present,0.7909
u55_MV_gauss1206_decomposed,present,0.7804
u55_MV_gauss1362_decomposed,present,0.7937
u55_MV_gauss1518_decomposed,present,0.8095
u55_MV_gauss1674_decomposed,present,0.8049
u55_MV_gauss1830_decomposed,present,0.8009
u55_MV_gauss1986_decomposed,present,0.7864
u55_MV_gauss2142_decomposed,present,0.7909
u55_MV_gauss270_decomposed,present,0.8013
u55_MV_gauss426_decomposed,present,0.8048
u55_MV_gauss582_decomposed,present,0.7995
u55_MV_gauss738_decomposed,present,0.7956
u55_MV_gauss894_decomposed,present,0.7916
u56_AV_decomposed,absent,0.4122
u56_AV_gauss1051_decomposed,present,0.4785
u56_AV_gauss115_decomposed,present,0.5756
u56_AV_gauss1207_decomposed,present,0.6006
u56_AV_gauss1363_decomposed,present,0.607
u56_AV_gauss1519_decomposed,present,0.5741
u56_AV_gauss1675_decomposed,present,0.6124
u56_AV_gauss1831_decomposed,present,0.5882
u56_AV_gauss1987_decomposed,present,0.6902
u56_AV_gauss2143_decomposed,present,0.5841
u56_AV_gauss271_decomposed,present,0.5629
u56_AV_gauss427_decomposed,present,0.6231
u56_AV_gauss583_decomposed,present,0.5787
u56_AV_gauss739_decomposed,present,0.6348
u56_AV_gauss895_decomposed,present,0.5864
u56_MV_decomposed,absent,0.3619
u56_MV_gauss1052_decomposed,absent,0.341
u56_MV_gauss116_decomposed,absent,0.3677
u56_MV_gauss1208_decomposed,present,0.4808
u56_MV_gauss1364_decomposed,absent,0.3202
u56_MV_gauss1520_decomposed,present,0.5472
u56_MV_gauss1676_decomposed,absent,0.3938
u56_MV_gauss1832_decomposed,absent,0.4597
u56_MV_gauss1988_decomposed,present,0.6001
u56_MV_gauss2144_decomposed,absent,0.3966
u56_MV_gauss272_decomposed,present,0.4705
u56_MV_gauss428_decomposed,absent,0.3392
u56_MV_gauss584_decomposed,present,0.6017
u56_MV_gauss740_decomposed,absent,0.3492
u56_MV_gauss896_decomposed,absent,0.4102
u57_AV_decomposed,present,0.7699
u57_AV_gauss1053_decomposed,present,0.9101
u57_AV_gauss117_decomposed,present,0.9
u57_AV_gauss1209_decomposed,present,0.8476
u57_AV_gauss1365_decomposed,present,0.7951
u57_AV_gauss1521_decomposed,present,0.9405
u57_AV_gauss1677_decomposed,present,0.8917
u57_AV_gauss1833_decomposed,present,0.7989
u57_AV_gauss1989_decomposed,present,0.9366
u57_AV_gauss2145_decomposed,present,0.7896
u57_AV_gauss273_decomposed,present,0.8473
u57_AV_gauss429_decomposed,present,0.9192
u57_AV_gauss585_decomposed,present,0.9039
u57_AV_gauss741_decomposed,present,0.8421
u57_AV_gauss897_decomposed,present,0.8876
u57_MV_decomposed,absent,0.0932
u57_MV_gauss1054_decomposed,absent,0.3528
u57_MV_gauss118_decomposed,absent,0.2286
u57_MV_gauss1210_decomposed,absent,0.4196
u57_MV_gauss1366_decomposed,absent,0.2056
u57_MV_gauss1522_decomposed,absent,0.4201
u57_MV_gauss1678_decomposed,absent,0.4589
u57_MV_gauss1834_decomposed,absent,0.2215
u57_MV_gauss1990_decomposed,absent,0.3479
u57_MV_gauss2146_decomposed,absent,0.1846
u57_MV_gauss274_decomposed,absent,0.446
u57_MV_gauss430_decomposed,absent,0.2078
u57_MV_gauss586_decomposed,absent,0.2247
u57_MV_gauss742_decomposed,absent,0.4482
u57_MV_gauss898_decomposed,present,0.4759
u58_AV_decomposed,absent,0.3955
u58_AV_gauss1055_decomposed,present,0.6367
u58_AV_gauss119_decomposed,present,0.8304
u58_AV_gauss1211_decomposed,present,0.7241
u58_AV_gauss1367_decomposed,present,0.7467
u58_AV_gauss1523_decomposed,present,0.8449
u58_AV_gauss1679_decomposed,present,0.827
u58_AV_gauss1835_decomposed,absent,0.1302
u58_AV_gauss1991_decomposed,present,0.8548
u58_AV_gauss2147_decomposed,present,0.5985
u58_AV_gauss275_decomposed,present,0.6835
u58_AV_gauss431_decomposed,present,0.7734
u58_AV_gauss587_decomposed,present,0.7387
u58_AV_gauss743_decomposed,present,0.8065
u58_AV_gauss899_decomposed,present,0.5735
u58_MV_decomposed,absent,0.2597
u58_MV_gauss1056_decomposed,absent,0.2909
u58_MV_gauss120_decomposed,absent,0.2205
u58_MV_gauss1212_decomposed,absent,0.19
u58_MV_gauss1368_decomposed,absent,0.249
u58_MV_gauss1524_decomposed,absent,0.1919
u58_MV_gauss1680_decomposed,absent,0.3273
u58_MV_gauss1836_decomposed,absent,0.2386
u58_MV_gauss1992_decomposed,absent,0.2368
u58_MV_gauss2148_decomposed,absent,0.2022
u58_MV_gauss276_decomposed,absent,0.292
u58_MV_gauss432_decomposed,absent,0.2122
u58_MV_gauss588_decomposed,absent,0.3422
u58_MV_gauss744_decomposed,absent,0.2304
u58_MV_gauss900_decomposed,absent,0.3362
u58_PV_decomposed,absent,0.1015
u58_PV_gauss1057_decomposed,absent,0.1658
u58_PV_gauss1213_decomposed,absent,0.1672
u58_PV_gauss121_decomposed,absent,0.1715
u58_PV_gauss1369_decomposed,absent,0.1679
u58_PV_gauss1525_decomposed,absent,0.1456
u58_PV_gauss1681_decomposed,absent,0.1523
u58_PV_gauss1837_decomposed,absent,0.1256
u58_PV_gauss1993_decomposed,absent,0.1405
u58_PV_gauss2149_decomposed,absent,0.1382
u58_PV_gauss277_decomposed,absent,0.1079
u58_PV_gauss433_decomposed,absent,0.1407
u58_PV_gauss589_decomposed,absent,0.1714
u58_PV_gauss745_decomposed,absent,0.1609
u58_PV_gauss901_decomposed,absent,0.145
u58_TV_decomposed,absent,0.1983
u58_TV_gauss1058_decomposed,absent,0.3182
u58_TV_gauss1214_decomposed,absent,0.3176
u58_TV_gauss122_decomposed,absent,0.2989
u58_TV_gauss1370_decomposed,absent,0.3065
u58_TV_gauss1526_decomposed,absent,0.2925
u58_TV_gauss1682_decomposed,absent,0.2377
u58_TV_gauss1838_decomposed,absent,0.2276
u58_TV_gauss1994_decomposed,absent,0.3281
u58_TV_gauss2150_decomposed,absent,0.3436
u58_TV_gauss278_decomposed,absent,0.2563
u58_TV_gauss434_decomposed,absent,0.3119
u58_TV_gauss590_decomposed,absent,0.2797
u58_TV_gauss746_decomposed,absent,0.3552
u58_TV_gauss902_decomposed,absent,0.2789
u59_MV_decomposed,present,0.5089
u59_MV_gauss1059_decomposed,present,0.6978
u59_MV_gauss1215_decomposed,present,0.6492
u59_MV_gauss123_decomposed,present,0.602
u59_MV_gauss1371_decomposed,present,0.6774
u59_MV_gauss1527_decomposed,present,0.7542
u59_MV_gauss1683_decomposed,present,0.6791
u59_MV_gauss1839_decomposed,present,0.6047
u59_MV_gauss1995_decomposed,present,0.7181
u59_MV_gauss2151_decomposed,present,0.8488
u59_MV_gauss279_decomposed,present,0.6067
u59_MV_gauss435_decomposed,present,0.5825
u59_MV_gauss591_decomposed,present,0.6449
u59_MV_gauss747_decomposed,present,0.6318
u59_MV_gauss903_decomposed,present,0.66
u59_PV_decomposed,present,0.4969
u59_PV_gauss1060_decomposed,present,0.5807
u59_PV_gauss1216_decomposed,present,0.5941
u59_PV_gauss124_decomposed,present,0.692
u59_PV_gauss1372_decomposed,present,0.7017
u59_PV_gauss1528_decomposed,absent,0.4176
u59_PV_gauss1684_decomposed,present,0.6282
u59_PV_gauss1840_decomposed,present,0.6277
u59_PV_gauss1996_decomposed,present,0.6706
u59_PV_gauss2152_decomposed,present,0.5726
u59_PV_gauss280_decomposed,present,0.4808
u59_PV_gauss436_decomposed,present,0.6688
u59_PV_gauss592_decomposed,present,0.5018
u59_PV_gauss748_decomposed,absent,0.4196
u59_PV_gauss904_decomposed,present,0.5616
u59_TV_decomposed,absent,0.3077
u59_TV_gauss1061_decomposed,present,0.7317
u59_TV_gauss1217_decomposed,present,0.655
u59_TV_gauss125_decomposed,present,0.6538
u59_TV_gauss1373_decomposed,present,0.6371
u59_TV_gauss1529_decomposed,present,0.7141
u59_TV_gauss1685_decomposed,present,0.7201
u59_TV_gauss1841_decomposed,absent,0.3737
u59_TV_gauss1997_decomposed,present,0.605
u59_TV_gauss2153_decomposed,absent,0.2897
u59_TV_gauss281_decomposed,absent,0.2775
u59_TV_gauss437_decomposed,absent,0.3934
u59_TV_gauss593_decomposed,absent,0.3897
u59_TV_gauss749_decomposed,absent,0.2712
u59_TV_gauss905_decomposed,present,0.617
u5_TV_decomposed,absent,0.0014
u5_TV_gauss1062_decomposed,absent,0.2695
u5_TV_gauss1218_decomposed,absent,0.1995
u5_TV_gauss126_decomposed,absent,0.3147
u5_TV_gauss1374_decomposed,absent,0.1551
u5_TV_gauss1530_decomposed,absent,0.169
u5_TV_gauss1686_decomposed,absent,0.3434
u5_TV_gauss1842_decomposed,absent,0.2442
u5_TV_gauss1998_decomposed,absent,0.3129
u5_TV_gauss2154_decomposed,absent,0.1198
u5_TV_gauss282_decomposed,absent,0.1784
u5_TV_gauss438_decomposed,absent,0.1921
u5_TV_gauss594_decomposed,absent,0.2928
u5_TV_gauss750_decomposed,absent,0.1798
u5_TV_gauss906_decomposed,absent,0.2737
u60_AV_decomposed,absent,0.0003
u60_AV_gauss1063_decomposed,absent,0.1631
u60_AV_gauss1219_decomposed,absent,0.1128
u60_AV_gauss127_decomposed,absent,0.1572
u60_AV_gauss1375_decomposed,absent,0.1546
u60_AV_gauss1531_decomposed,absent,0.1937
u60_AV_gauss1687_decomposed,absent,0.1307
u60_AV_gauss1843_decomposed,absent,0.1423
u60_AV_gauss1999_decomposed,absent,0.1672
u60_AV_gauss2155_decomposed,absent,0.1454
u60_AV_gauss283_decomposed,absent,0.1643
u60_AV_gauss439_decomposed,absent,0.141
u60_AV_gauss595_decomposed,absent,0.1701
u60_AV_gauss751_decomposed,absent,0.1366
u60_AV_gauss907_decomposed,absent,0.1419
u60_MV_decomposed,absent,0.0763
u60_MV_gauss1064_decomposed,absent,0.2172
u60_MV_gauss1220_decomposed,absent,0.1998
u60_MV_gauss128_decomposed,absent,0.1743
u60_MV_gauss1376_decomposed,absent,0.2232
u60_MV_gauss1532_decomposed,absent,0.1747
u60_MV_gauss1688_decomposed,absent,0.1985
u60_MV_gauss1844_decomposed,absent,0.2652
u60_MV_gauss2000_decomposed,absent,0.1871
u60_MV_gauss2156_decomposed,absent,0.1808
u60_MV_gauss284_decomposed,absent,0.1835
u60_MV_gauss440_decomposed,absent,0.177
u60_MV_gauss596_decomposed,absent,0.2375
u60_MV_gauss752_decomposed,absent,0.2128
u60_MV_gauss908_decomposed,absent,0.22
u61_AV_decomposed,present,0.9267
u61_AV_gauss1065_decomposed,present,0.962
u61_AV_gauss1221_decomposed,present,0.961
u61_AV_gauss129_decomposed,present,0.9711
u61_AV_gauss1377_decomposed,present,0.9559
u61_AV_gauss1533_decomposed,present,0.9845
u61_AV_gauss1689_decomposed,present,0.9626
u61_AV_gauss1845_decomposed,present,0.9544
u61_AV_gauss2001_decomposed,present,0.9727
u61_AV_gauss2157_decomposed,present,0.9776
u61_AV_gauss285_decomposed,present,0.9778
u61_AV_gauss441_decomposed,present,0.9775
u61_AV_gauss597_decomposed,present,0.9747
u61_AV_gauss753_decomposed,present,0.9645
u61_AV_gauss909_decomposed,present,0.9686
u61_MV_decomposed,absent,0.2385
u61_MV_gauss1066_decomposed,present,0.4753
u61_MV_gauss1222_decomposed,absent,0.3538
u61_MV_gauss130_decomposed,absent,0.4273
u61_MV_gauss1378_decomposed,present,0.5482
u61_MV_gauss1534_decomposed,absent,0.3331
u61_MV_gauss1690_decomposed,present,0.6013
u61_MV_gauss1846_decomposed,present,0.4994
u61_MV_gauss2002_decomposed,present,0.509
u61_MV_gauss2158_decomposed,present,0.5829
u61_MV_gauss286_decomposed,present,0.4995
u61_MV_gauss442_decomposed,present,0.4796
u61_MV_gauss598_decomposed,present,0.584
u61_MV_gauss754_decomposed,absent,0.45
u61_MV_gauss910_decomposed,present,0.5469
u62_AV_decomposed,absent,0.3694
u62_AV_gauss1067_decomposed,absent,0.2824
u62_AV_gauss1223_decomposed,absent,0.3327
u62_AV_gauss131_decomposed,absent,0.301
u62_AV_gauss1379_decomposed,absent,0.3743
u62_AV_gauss1535_decomposed,absent,0.3814
u62_AV_gauss1691_decomposed,present,0.4976
u62_AV_gauss1847_decomposed,absent,0.4328
u62_AV_gauss2003_decomposed,absent,0.305
u62_AV_gauss2159_decomposed,present,0.543
u62_AV_gauss287_decomposed,present,0.5336
u62_AV_gauss443_decomposed,absent,0.3064
u62_AV_gauss599_decomposed,absent,0.4086
u62_AV_gauss755_decomposed,absent,0.3478
u62_AV_gauss911_decomposed,absent,0.3344
u62_MV_decomposed,absent,0.136
u62_MV_gauss1068_decomposed,present,0.486
u62_MV_gauss1224_decomposed,absent,0.42
u62_MV_gauss132_decomposed,absent,0.348
u62_MV_gauss1380_decomposed,absent,0.3921
u62_MV_gauss1536_decomposed,present,0.4842
u62_MV_gauss1692_decomposed,absent,0.4029
u62_MV_gauss1848_decomposed,absent,0.4374
u62_MV_gauss2004_decomposed,absent,0.4022
u62_MV_gauss2160_decomposed,absent,0.4325
u62_MV_gauss288_decomposed,present,0.4756
u62_MV_gauss444_decomposed,absent,0.4198
u62_MV_gauss600_decomposed,absent,0.3435
u62_MV_gauss756_decomposed,absent,0.3799
u62_MV_gauss912_decomposed,absent,0.4386
u62_PV_decomposed,present,0.4907
u62_PV_gauss1069_decomposed,absent,0.1132
u62_PV_gauss1225_decomposed,present,0.6381
u62_PV_gauss133_decomposed,present,0.5906
u62_PV_gauss1381_decomposed,present,0.6765
u62_PV_gauss1537_decomposed,absent,0.4075
u62_PV_gauss1693_decomposed,present,0.5089
u62_PV_gauss1849_decomposed,present,0.5344
u62_PV_gauss2005_decomposed,present,0.5712
u62_PV_gauss2161_decomposed,present,0.6691
u62_PV_gauss289_decomposed,present,0.4779
u62_PV_gauss445_decomposed,present,0.553
u62_PV_gauss601_decomposed,present,0.462
u62_PV_gauss757_decomposed,present,0.5165
u62_PV_gauss913_decomposed,present,0.619
u62_TV_decomposed,present,0.7467
u62_TV_gauss1070_decomposed,present,0.9188
u62_TV_gauss1226_decomposed,present,0.8679
u62_TV_gauss134_decomposed,present,0.8909
u62_TV_gauss1382_decomposed,present,0.9586
u62_TV_gauss1538_decomposed,present,0.9128
u62_TV_gauss1694_decomposed,present,0.9183
u62_TV_gauss1850_decomposed,present,0.9469
u62_TV_gauss2006_decomposed,present,0.8718
u62_TV_gauss2162_decomposed,present,0.9279
u62_TV_gauss290_decomposed,present,0.9271
u62_TV_gauss446_decomposed,present,0.9503
u62_TV_gauss602_decomposed,present,0.8351
u62_TV_gauss758_decomposed,present,0.9266
u62_TV_gauss914_decomposed,present,0.922
u63_TV_decomposed,absent,0.0865
u63_TV_gauss1071_decomposed,absent,0.1429
u63_TV_gauss1227_decomposed,absent,0.155
u63_TV_gauss135_decomposed,absent,0.2504
u63_TV_gauss1383_decomposed,absent,0.1874
u63_TV_gauss1539_decomposed,absent,0.4057
u63_TV_gauss1695_decomposed,absent,0.4267
u63_TV_gauss1851_decomposed,absent,0.2511
u63_TV_gauss2007_decomposed,absent,0.1888
u63_TV_gauss2163_decomposed,absent,0.212
u63_TV_gauss291_decomposed,absent,0.2281
u63_TV_gauss447_decomposed,absent,0.1532
u63_TV_gauss603_decomposed,absent,0.3831
u63_TV_gauss759_decomposed,absent,0.3533
u63_TV_gauss915_decomposed,absent,0.3999
u64_AV_decomposed,present,0.5139
u64_AV_gauss1072_decomposed,present,0.8491
u64_AV_gauss1228_decomposed,present,0.7429
u64_AV_gauss136_decomposed,present,0.783
u64_AV_gauss1384_decomposed,present,0.7808
u64_AV_gauss1540_decomposed,present,0.728
u64_AV_gauss1696_decomposed,present,0.7404
u64_AV_gauss1852_decomposed,present,0.7744
u64_AV_gauss2008_decomposed,present,0.7924
u64_AV_gauss2164_decomposed,present,0.7348
u64_AV_gauss292_decomposed,present,0.7681
u64_AV_gauss448_decomposed,present,0.7776
u64_AV_gauss604_decomposed,present,0.7368
u64_AV_gauss760_decomposed,present,0.7855
u64_AV_gauss916_decomposed,present,0.7636
u64_MV_decomposed,absent,0.1177
u64_MV_gauss1073_decomposed,absent,0.2768
u64_MV_gauss1229_decomposed,absent,0.2086
u64_MV_gauss137_decomposed,absent,0.2194
u64_MV_gauss1385_decomposed,absent,0.2914
u64_MV_gauss1541_decomposed,absent,0.2488
u64_MV_gauss1697_decomposed,absent,0.2486
u64_MV_gauss1853_decomposed,absent,0.2354
u64_MV_gauss2009_decomposed,absent,0.3015
u64_MV_gauss2165_decomposed,absent,0.2536
u64_MV_gauss293_decomposed,absent,0.2609
u64_MV_gauss449_decomposed,absent,0.2598
u64_MV_gauss605_decomposed,absent,0.2457
u64_MV_gauss761_decomposed,absent,0.2131
u64_MV_gauss917_decomposed,absent,0.202
u64_PV_decomposed,absent,0.101
u64_PV_gauss1074_decomposed,absent,0.3605
u64_PV_gauss1230_decomposed,absent,0.3606
u64_PV_gauss1386_decomposed,absent,0.3127
u64_PV_gauss138_decomposed,absent,0.2748
u64_PV_gauss1542_decomposed,absent,0.3197
u64_PV_gauss1698_decomposed,absent,0.2884
u64_PV_gauss1854_decomposed,absent,0.2936
u64_PV_gauss2010_decomposed,absent,0.3379
u64_PV_gauss2166_decomposed,absent,0.2473
u64_PV_gauss294_decomposed,absent,0.2394
u64_PV_gauss450_decomposed,absent,0.3383
u64_PV_gauss606_decomposed,absent,0.2815
u64_PV_gauss762_decomposed,absent,0.3027
u64_PV_gauss918_decomposed,absent,0.2831
u64_TV_decomposed,absent,0.0053
u64_TV_gauss1075_decomposed,absent,0.0283
u64_TV_gauss1231_decomposed,absent,0.0223
u64_TV_gauss1387_decomposed,absent,0.045
u64_TV_gauss139_decomposed,absent,0.0214
u64_TV_gauss1543_decomposed,absent,0.0293
u64_TV_gauss1699_decomposed,absent,0.0198
u64_TV_gauss1855_decomposed,absent,0.0279
u64_TV_gauss2011_decomposed,absent,0.0287
u64_TV_gauss2167_decomposed,absent,0.0629
u64_TV_gauss295_decomposed,absent,0.0252
u64_TV_gauss451_decomposed,absent,0.0191
u64_TV_gauss607_decomposed,absent,0.0318
u64_TV_gauss763_decomposed,absent,0.0178
u64_TV_gauss919_decomposed,absent,0.0381
u65_AV_decomposed,absent,0.4266
u65_AV_gauss1076_decomposed,present,0.5477
u65_AV_gauss1232_decomposed,present,0.5622
u65_AV_gauss1388_decomposed,present,0.5144
u65_AV_gauss140_decomposed,present,0.5874
u65_AV_gauss1544_decomposed,present,0.5597
u65_AV_gauss1700_decomposed,present,0.5169
u65_AV_gauss1856_decomposed,present,0.5115
u65_AV_gauss2012_decomposed,present,0.554
u65_AV_gauss2168_decomposed,present,0.5506
u65_AV_gauss296_decomposed,present,0.5941
u65_AV_gauss452_decomposed,present,0.5796
u65_AV_gauss608_decomposed,present,0.5634
u65_AV_gauss764_decomposed,present,0.5158
u65_AV_gauss920_decomposed,present,0.4931
u65_MV_decomposed,absent,0.2496
u65_MV_gauss1077_decomposed,present,0.6191
u65_MV_gauss1233_decomposed,present,0.614
u65_MV_gauss1389_decomposed,present,0.9084
u65_MV_gauss141_decomposed,present,0.7616
u65_MV_gauss1545_decomposed,present,0.8593
u65_MV_gauss1701_decomposed,present,0.7502
u65_MV_gauss1857_decomposed,present,0.5399
u65_MV_gauss2013_decomposed,present,0.6686
u65_MV_gauss2169_decomposed,present,0.8474
u65_MV_gauss297_decomposed,present,0.8812
u65_MV_gauss453_decomposed,present,0.8375
u65_MV_gauss609_decomposed,present,0.9334
u65_MV_gauss765_decomposed,present,0.7952
u65_MV_gauss921_decomposed,present,0.7909
u65_PV_decomposed,absent,0.2581
u65_PV_gauss1078_decomposed,present,0.6684
u65_PV_gauss1234_decomposed,present,0.7965
u65_PV_gauss1390_decomposed,present,0.6413
u65_PV_gauss142_decomposed,present,0.6289
u65_PV_gauss1546_decomposed,present,0.664
u65_PV_gauss1702_decomposed,present,0.8042
u65_PV_gauss1858_decomposed,present,0.6065
u65_PV_gauss2014_decomposed,present,0.6497
u65_PV_gauss2170_decomposed,present,0.6459
u65_PV_gauss298_decomposed,present,0.7888
u65_PV_gauss454_decomposed,present,0.6426
u65_PV_gauss610_decomposed,present,0.6408
u65_PV_gauss766_decomposed,present,0.6384
u65_PV_gauss922_decomposed,present,0.6238
u66_MV_decomposed,present,0.5311
u66_MV_gauss1079_decomposed,present,0.5528
u66_MV_gauss1235_decomposed,present,0.611
u66_MV_gauss1391_decomposed,present,0.6241
u66_MV_gauss143_decomposed,present,0.623
u66_MV_gauss1547_decomposed,present,0.7358
u66_MV_gauss1703_decomposed,present,0.7864
u66_MV_gauss1859_decomposed,present,0.7596
u66_MV_gauss2015_decomposed,present,0.5989
u66_MV_gauss2171_decomposed,present,0.7738
u66_MV_gauss299_decomposed,present,0.6216
u66_MV_gauss455_decomposed,present,0.5651
u66_MV_gauss611_decomposed,present,0.6782
u66_MV_gauss767_decomposed,present,0.6015
u66_MV_gauss923_decomposed,present,0.5964
u66_PV_decomposed,present,0.47
u66_PV_gauss1080_decomposed,present,0.8494
u66_PV_gauss1236_decomposed,present,0.7139
u66_PV_gauss1392_decomposed,present,0.7981
u66_PV_gauss144_decomposed,present,0.7666
u66_PV_gauss1548_decomposed,present,0.6714
u66_PV_gauss1704_decomposed,present,0.8133
u66_PV_gauss1860_decomposed,present,0.7059
u66_PV_gauss2016_decomposed,present,0.7685
u66_PV_gauss2172_decomposed,present,0.6984
u66_PV_gauss300_decomposed,present,0.9253
u66_PV_gauss456_decomposed,present,0.6941
u66_PV_gauss612_decomposed,present,0.6961
u66_PV_gauss768_decomposed,present,0.7726
u66_PV_gauss924_decomposed,present,0.7801
u67_AV_decomposed,absent,0.351
u67_AV_gauss1081_decomposed,present,0.5615
u67_AV_gauss1237_decomposed,present,0.5331
u67_AV_gauss1393_decomposed,present,0.5684
u67_AV_gauss145_decomposed,present,0.5052
u67_AV_gauss1549_decomposed,present,0.4869
u67_AV_gauss1705_decomposed,present,0.5742
u67_AV_gauss1861_decomposed,present,0.4679
u67_AV_gauss2017_decomposed,present,0.5824
u67_AV_gauss2173_decomposed,present,0.5133
u67_AV_gauss301_decomposed,present,0.5136
u67_AV_gauss457_decomposed,present,0.5187
u67_AV_gauss613_decomposed,present,0.5758
u67_AV_gauss769_decomposed,present,0.4947
u67_AV_gauss925_decomposed,present,0.5534
u67_MV_decomposed,absent,0.1947
u67_MV_gauss1082_decomposed,absent,0.3467
u67_MV_gauss1238_decomposed,absent,0.3692
u67_MV_gauss1394_decomposed,absent,0.355
u67_MV_gauss146_decomposed,absent,0.3691
u67_MV_gauss1550_decomposed,absent,0.3656
u67_MV_gauss1706_decomposed,absent,0.1604
u67_MV_gauss1862_decomposed,absent,0.3726
u67_MV_gauss2018_decomposed,absent,0.3716
u67_MV_gauss2174_decomposed,absent,0.3478
u67_MV_gauss302_decomposed,absent,0.3937
u67_MV_gauss458_decomposed,absent,0.3415
u67_MV_gauss614_decomposed,absent,0.386
u67_MV_gauss770_decomposed,absent,0.3762
u67_MV_gauss926_decomposed,absent,0.3763
u68_MV_decomposed,absent,0.0408
u68_MV_gauss1083_decomposed,absent,0.1921
u68_MV_gauss1239_decomposed,absent,0.1839
u68_MV_gauss1395_decomposed,absent,0.2476
u68_MV_gauss147_decomposed,absent,0.187
u68_MV_gauss1551_decomposed,absent,0.1963
u68_MV_gauss1707_decomposed,absent,0.1665
u68_MV_gauss1863_decomposed,absent,0.2347
u68_MV_gauss2019_decomposed,absent,0.2363
u68_MV_gauss2175_decomposed,absent,0.1462
u68_MV_gauss303_decomposed,absent,0.2538
u68_MV_gauss459_decomposed,absent,0.1894
u68_MV_gauss615_decomposed,absent,0.2109
u68_MV_gauss771_decomposed,absent,0.2032
u68_MV_gauss927_decomposed,absent,0.1778
u68_PV_decomposed,absent,0.1914
u68_PV_gauss1084_decomposed,present,0.5888
u68_PV_gauss1240_decomposed,absent,0.3928
u68_PV_gauss1396_decomposed,present,0.5167
u68_PV_gauss148_decomposed,present,0.4695
u68_PV_gauss1552_decomposed,present,0.6184
u68_PV_gauss1708_decomposed,present,0.5159
u68_PV_gauss1864_decomposed,present,0.5078
u68_PV_gauss2020_decomposed,present,0.6164
u68_PV_gauss2176_decomposed,present,0.4849
u68_PV_gauss304_decomposed,present,0.4959
u68_PV_gauss460_decomposed,present,0.5297
u68_PV_gauss616_decomposed,present,0.5897
u68_PV_gauss772_decomposed,present,0.6871
u68_PV_gauss928_decomposed,present,0.5731
u68_TV_decomposed,absent,0.3937
u68_TV_gauss1085_decomposed,present,0.804
u68_TV_gauss1241_decomposed,present,0.8463
u68_TV_gauss1397_decomposed,present,0.8145
u68_TV_gauss149_decomposed,present,0.8646
u68_TV_gauss1553_decomposed,present,0.8646
u68_TV_gauss1709_decomposed,present,0.8284
u68_TV_gauss1865_decomposed,present,0.8117
u68_TV_gauss2021_decomposed,present,0.7995
u68_TV_gauss2177_decomposed,present,0.8689
u68_TV_gauss305_decomposed,present,0.813
u68_TV_gauss461_decomposed,present,0.8371
u68_TV_gauss617_decomposed,present,0.8461
u68_TV_gauss773_decomposed,present,0.7621
u68_TV_gauss929_decomposed,present,0.664
u6_AV_decomposed,absent,0.2653
u6_AV_gauss1086_decomposed,present,0.8138
u6_AV_gauss1242_decomposed,present,0.8225
u6_AV_gauss1398_decomposed,present,0.7944
u6_AV_gauss150_decomposed,present,0.853
u6_AV_gauss1554_decomposed,present,0.8079
u6_AV_gauss1710_decomposed,present,0.8024
u6_AV_gauss1866_decomposed,present,0.7897
u6_AV_gauss2022_decomposed,present,0.8236
u6_AV_gauss2178_decomposed,present,0.7749
u6_AV_gauss306_decomposed,present,0.8274
u6_AV_gauss462_decomposed,present,0.7434
u6_AV_gauss618_decomposed,present,0.8031
u6_AV_gauss774_decomposed,present,0.8182
u6_AV_gauss930_decomposed,present,0.8218
u6_MV_decomposed,absent,0.2859
u6_MV_gauss1087_decomposed,present,0.9549
u6_MV_gauss1243_decomposed,present,0.9686
u6_MV_gauss1399_decomposed,present,0.8515
u6_MV_gauss151_decomposed,present,0.9619
u6_MV_gauss1555_decomposed,present,0.987
u6_MV_gauss1711_decomposed,present,0.9756
u6_MV_gauss1867_decomposed,present,0.8887
u6_MV_gauss2023_decomposed,present,0.9725
u6_MV_gauss2179_decomposed,present,0.9493
u6_MV_gauss307_decomposed,present,0.6966
u6_MV_gauss463_decomposed,present,0.9206
u6_MV_gauss619_decomposed,present,0.9784
u6_MV_gauss775_decomposed,present,0.8274
u6_MV_gauss931_decomposed,present,0.9753
u7_PV_decomposed,absent,0.3882
u7_PV_gauss1088_decomposed,present,0.8942
u7_PV_gauss1244_decomposed,present,0.9038
u7_PV_gauss1400_decomposed,present,0.9027
u7_PV_gauss152_decomposed,present,0.8535
u7_PV_gauss1556_decomposed,present,0.9155
u7_PV_gauss1712_decomposed,present,0.8301
u7_PV_gauss1868_decomposed,present,0.9014
u7_PV_gauss2024_decomposed,present,0.8699
u7_PV_gauss2180_decomposed,present,0.9165
u7_PV_gauss308_decomposed,present,0.8795
u7_PV_gauss464_decomposed,present,0.8757
u7_PV_gauss620_decomposed,present,0.7711
u7_PV_gauss776_decomposed,present,0.8257
u7_PV_gauss932_decomposed,present,0.9078
u8_AV_decomposed,present,0.8472
u8_AV_gauss1089_decomposed,present,0.9119
u8_AV_gauss1245_decomposed,present,0.9368
u8_AV_gauss1401_decomposed,present,0.909
u8_AV_gauss153_decomposed,present,0.9204
u8_AV_gauss1557_decomposed,present,0.9265
u8_AV_gauss1713_decomposed,present,0.9125
u8_AV_gauss1869_decomposed,present,0.9127
u8_AV_gauss2025_decomposed,present,0.9356
u8_AV_gauss2181_decomposed,present,0.9089
u8_AV_gauss309_decomposed,present,0.9331
u8_AV_gauss465_decomposed,present,0.9397
u8_AV_gauss621_decomposed,present,0.9243
u8_AV_gauss777_decomposed,present,0.9193
u8_AV_gauss933_decomposed,present,0.912
u8_MV_decomposed,present,0.564
u8_MV_gauss1090_decomposed,present,0.6113
u8_MV_gauss1246_decomposed,present,0.7511
u8_MV_gauss1402_decomposed,present,0.7547
u8_MV_gauss154_decomposed,present,0.7868
u8_MV_gauss1558_decomposed,present,0.4954
u8_MV_gauss1714_decomposed,present,0.7445
u8_MV_gauss1870_decomposed,present,0.8513
u8_MV_gauss2026_decomposed,present,0.8955
u8_MV_gauss2182_decomposed,present,0.7677
u8_MV_gauss310_decomposed,present,0.5681
u8_MV_gauss466_decomposed,absent,0.445
u8_MV_gauss622_decomposed,present,0.7047
u8_MV_gauss778_decomposed,present,0.8238
u8_MV_gauss934_decomposed,present,0.7087
u9_AV_decomposed,present,0.4704
u9_AV_gauss1091_decomposed,present,0.8992
u9_AV_gauss1247_decomposed,present,0.736
u9_AV_gauss1403_decomposed,present,0.8894
u9_AV_gauss1559_decomposed,present,0.8808
u9_AV_gauss155_decomposed,present,0.7063
u9_AV_gauss1715_decomposed,present,0.8931
u9_AV_gauss1871_decomposed,present,0.7428
u9_AV_gauss2027_decomposed,present,0.9085
u9_AV_gauss2183_decomposed,present,0.7558
u9_AV_gauss311_decomposed,present,0.6983
u9_AV_gauss467_decomposed,present,0.9102
u9_AV_gauss623_decomposed,present,0.7023
u9_AV_gauss779_decomposed,present,0.8832
u9_AV_gauss935_decomposed,present,0.8937
u9_MV_decomposed,present,0.4923
u9_MV_gauss1092_decomposed,present,0.8005
u9_MV_gauss1248_decomposed,present,0.8051
u9_MV_gauss1404_decomposed,present,0.7824
u9_MV_gauss1560_decomposed,present,0.7369
u9_MV_gauss156_decomposed,present,0.746
u9_MV_gauss1716_decomposed,present,0.7741
u9_MV_gauss1872_decomposed,present,0.798
u9_MV_gauss2028_decomposed,present,0.7725
u9_MV_gauss2184_decomposed,present,0.7878
u9_MV_gauss312_decomposed,present,0.7954
u9_MV_gauss468_decomposed,present,0.7663
u9_MV_gauss624_decomposed,present,0.7352
u9_MV_gauss780_decomposed,present,0.7913
u9_MV_gauss936_decomposed,present,0.7762
